timestamp,deltaP,airspeed
8433717340,0,14.6574316
8433767340,0,16.1835213
8433817344,0,16.4493885
8433867340,0,15.2398434
8433917348,0,15.8585844
8433967340,0,16.8054504
8434017632,0,15.8778114
8434067340,0,16.20648
8434117356,0,16.8547306
8434167344,0,16.3633823
8434217860,0,16.3895817
8434267344,0,15.2935591
8434317344,0,16.8942757
8434367352,0,16.7446404
8434417344,0,16.1658382
8434467328,0,16.7946682
8434517352,0,16.5066681
8434567344,0,15.9431324
8434618356,0,15.9389448
8434667356,0,16.2346935
8434717356,0,16.6910362
8434767332,0,16.7946682
8434817344,0,16.7838783
8434867352,0,15.9885187
8434917348,0,16.8337898
8434967344,0,16.7912617
8435017856,0,16.5493526
8435067352,0,14.7734308
8435117348,0,16.9190865
8435167344,0,16.5787048
8435217344,0,16.8383198
8435267364,0,15.9843435
8435317352,0,15.7014837
8435367352,0,16.7582989
8435417348,0,16.9641037
8435467340,0,16.4314117
8435517348,0,16.7503319
8435567340,0,16.0759392
8435618076,0,14.8121109
8435667348,0,15.5403385
8435717344,0,16.8959694
8435767340,0,16.7827435
8435817344,0,16.7064495
8435867352,0,15.8742085
8435917344,0,16.947237
8435967344,0,16.4290905
8436017812,0,15.7269688
8436067352,0,15.8459539
8436117372,0,16.685894
8436167356,0,16.499157
8436217864,0,16.4951115
8436267348,0,15.3663349
8436317352,0,16.7776299
8436367352,0,15.7639074
8436417352,0,16.440691
8436467340,0,16.1658382
8436517356,0,16.6252213
8436567340,0,16.095499
8436618316,0,15.9359541
8436667348,0,15.6966248
8436717360,0,16.3254662
8436767352,0,16.6716042
8436817360,0,12.1561232
8436867368,0,15.6808233
8436917360,0,14.9058075
8436967344,0,15.262352
8437017840,0,15.155139
8437067352,0,13.6116114
8437117364,0,15.1305799
8437167340,0,16.4592381
8437217364,0,16.3657131
8437267340,0,17.00844
8437317356,0,16.769104
8437367344,0,16.0741615
8437417360,0,16.7935314
8437467340,0,16.6120262
8437517384,0,16.0147343
8437567368,0,14.9326534
8437618084,0,15.3892775
8437667344,0,14.4510345
8437717360,0,16.5982475
8437767344,0,16.9489231
8437817352,0,16.8858089
8437867344,0,17.0509853
8437917348,0,16.5481987
8437967344,0,16.7207108
8438017624,0,14.9989204
8438067348,0,13.6368132
8438117356,0,15.0433569
8438167340,0,15.2010021
8438217876,0,15.0040054
8438267348,0,12.667201
8438317352,0,16.8530331
8438367348,0,15.6339321
8438417356,0,16.3348083
8438467336,0,16.8337898
8438517344,0,16.7252712
8438567364,0,16.6372585
8438618312,0,15.7995529
8438667340,0,14.4655457
8438717352,0,16.8337898
8438767340,0,16.0355606
8438817364,0,14.8532562
8438867356,0,16.8716908
8438917352,0,15.5342007
8438967340,0,16.8162231
8439018120,0,15.5917931
8439067348,0,15.3781204
8439117380,0,15.2298288
8439167348,0,16.031992
8439217360,0,16.5545349
8439267336,0,16.6532955
8439317364,0,15.8073959
8439367360,0,16.4401112
8439417372,0,16.9140167
8439467344,0,16.7286911
8439517376,0,15.8284941
8439567348,0,16.6864662
8439618084,0,16.7753563
8439667352,0,14.4886007
8439717360,0,16.9528618
8439767360,0,15.636981
8439817364,0,16.1805744
8439867384,0,16.9483604
8439917360,0,16.6246471
8439967356,0,16.7241306
8440017612,0,16.9235935
8440067348,0,15.4548159
8440117360,0,16.7571602
8440167344,0,15.9000149
8440217852,0,16.9725304
8440267344,0,15.4825544
8440317360,0,16.818491
8440367364,0,16.6635971
8440417352,0,16.5902023
8440467352,0,16.0361538
8440517356,0,16.7155781
8440567352,0,16.1286392
8440618336,0,15.2529774
8440667352,0,13.4969149
8440717356,0,15.0363827
8440767340,0,15.0990362
8440817356,0,15.0414553
8440867356,0,16.0420971
8440917368,0,16.3622169
8440967352,0,16.5775547
8441017868,0,16.8428478
8441067344,0,16.2452621
8441117372,0,16.7963715
8441167360,0,16.3662968
8441217352,0,16.9983482
8441267340,0,16.5827312
8441317368,0,16.3348083
8441367384,0,16.8349209
8441417356,0,16.6280861
8441467348,0,16.8116894
8441517356,0,16.9871273
8441567340,0,16.6967468
8441618100,0,15.8128242
8441667360,0,15.1337309
8441717364,0,15.8453512
8441767360,0,16.377943
8441817348,0,16.6773224
8441867352,0,15.4090919
8441917364,0,15.9765873
8441967348,0,16.5055122
8442017636,0,16.7605743
8442067364,0,15.4152784
8442117364,0,16.6830368
8442167356,0,16.5239849
8442217816,0,16.2534752
8442267364,0,14.6255178
8442317368,0,16.0883904
8442367364,0,15.8043804
8442417356,0,15.8615894
8442467352,0,15.7530155
8442517356,0,16.6263676
8442567344,0,16.8468094
8442618344,0,16.3003368
8442667364,0,15.6095181
8442717360,0,16.7685356
8442767356,0,16.7252712
8442817364,0,16.7201405
8442867380,0,16.9972267
8442917368,0,17.2775841
8442967348,0,16.8632126
8443017864,0,16.8337898
8443067352,0,15.9562836
8443117360,0,16.8795986
8443167364,0,16.8354874
8443217360,0,16.8762093
8443267356,0,16.78899
8443317356,0,16.8094196
8443367360,0,16.6898937
8443417364,0,16.5407085
8443467348,0,16.8524666
8443517368,0,20.2056084
8443567356,0,19.521553
8443618124,0,19.5951233
8443667364,0,16.22118
8443717364,0,16.5205231
8443767356,0,16.8405838
8443817364,0,16.882988
8443867368,0,16.6967468
8443917368,0,15.9664392
8443967352,0,15.3247013
8444017620,0,14.1940155
8444067352,0,15.644906
8444117364,0,16.9168339
8444167360,0,16.7958031
8444217804,0,16.7531776
8444267356,0,16.2722359
8444317364,0,15.486865
8444367384,0,15.4622173
8444417356,0,15.4245539
8444467344,0,14.9613619
8444517360,0,18.5534115
8444567352,0,17.8378677
8444618340,0,19.8583794
8444667352,0,18.2023087
8444717372,0,20.251297
8444767348,0,19.9798832
8444817356,0,19.9579334
8444867360,0,20.0175228
8444917356,0,19.0676594
8444967356,0,20.0365543
8445017864,0,20.1300182
8445067360,0,17.7177658
8445117380,0,16.8105526
8445167356,0,16.3831806
8445217364,0,16.6418419
8445267348,0,16.0765324
8445317364,0,15.0952473
8445367364,0,16.6326733
8445417360,0,16.7560234
8445467348,0,16.7628479
8445517360,0,16.7838783
8445567368,0,16.7395153
8445618096,0,16.7571602
8445667364,0,15.8447504
8445717360,0,16.8009109
8445767356,0,16.6555843
8445817368,0,16.6561565
8445867388,0,16.7611427
8445917372,0,16.8054504
8445967348,0,16.8417149
8446017616,0,15.206646
8446067360,0,13.6396103
8446117376,0,15.096509
8446167368,0,15.1752605
8446217800,0,15.5157757
8446267360,0,14.494524
8446317372,0,16.9179592
8446367360,0,16.7651234
8446417368,0,16.7041683
8446467364,0,16.7867184
8446517368,0,16.7656918
8446567364,0,16.9128876
8446618348,0,16.8326569
8446667352,0,15.36199
8446717368,0,17.0431557
8446767360,0,16.7417927
8446817360,0,16.7855835
8446867368,0,16.8598194
8446917364,0,16.7742195
8446967356,0,16.5890541
8447017860,0,16.8065834
8447067360,0,15.4954824
8447117368,0,16.7321091
8447167356,0,16.8767738
8447217364,0,16.7138672
8447267360,0,16.8445454
8447317380,0,16.7349586
8447367364,0,16.5505047
8447417368,0,16.6309528
8447467364,0,16.9843235
8447517372,0,16.7480564
8447567360,0,16.7189999
8447618096,0,16.7298298
8447667368,0,16.6573029
8447717380,0,19.3834076
8447767368,0,20.0232353
8447817360,0,19.1095982
8447867364,0,19.2744503
8447917368,0,20.150835
8447967360,0,16.7452087
8448017648,0,16.7537479
8448067372,0,16.6716042
8448117384,0,16.7326794
8448167368,0,16.58848
8448217812,0,16.7946682
8448267364,0,15.4850178
8448317372,0,16.8332233
8448367376,0,16.8852463
8448417372,0,16.7855835
8448467368,0,16.8733864
8448517380,0,16.9055595
8448567372,0,16.8513355
8448618332,0,16.73382
8448667364,0,15.4022837
8448717368,0,16.9787083
8448767372,0,16.6131725
8448817372,0,16.521677
8448867368,0,16.9759007
8448917376,0,16.7281208
8448967360,0,16.683609
8449017876,0,16.8993549
8449067372,0,15.4954824
8449117372,0,16.817358
8449167356,0,16.8954048
8449217380,0,16.9061222
8449267360,0,16.7997761
8449317372,0,17.0202065
8449367376,0,16.5378265
8449417376,0,16.5982475
8449467356,0,16.8326569
8449517364,0,16.7753563
8449567380,0,16.4198017
8449618160,0,16.7833099
8449667380,0,18.045063
8449717372,0,19.3583183
8449767368,0,19.7795315
8449817376,0,19.8040848
8449867372,0,19.5780945
8449917384,0,17.6358013
8449967368,0,16.6864662
8450017628,0,16.6756077
8450067380,0,16.1982422
8450117384,0,16.7582989
8450167356,0,16.8196259
8450217804,0,16.8807278
8450267364,0,15.4776278
8450317384,0,16.8564281
8450367372,0,16.8247261
8450417384,0,16.4488087
8450467364,0,16.8213253
8450517376,0,19.0236263
8450567364,0,20.0279922
8450618332,0,18.25564
8450667372,0,19.5464325
8450717376,0,18.5570068
8450767372,0,19.2452564
8450817360,0,16.9618549
8450867364,0,16.8541641
8450917368,0,16.8315239
8450967364,0,16.9764633
8451017848,0,16.7679672
8451067372,0,15.6003513
8451117384,0,16.8456783
8451167372,0,16.7007427
8451217380,0,16.6229267
8451267364,0,17.0168457
8451317380,0,16.7395153
8451367368,0,16.8552971
8451417368,0,16.8858089
8451467364,0,16.7764931
8451517376,0,16.8632126
8451567368,0,17.0028343
8451618108,0,16.811121
8451667372,0,16.3930702
8451717380,0,19.1424828
8451767364,0,18.5590611
8451817376,0,19.1628838
8451867372,0,19.8415794
8451917372,0,19.5907459
8451967364,0,16.8298244
8452017644,0,16.7639866
8452067372,0,15.9843435
8452117392,0,16.7378063
8452167368,0,16.826992
8452217832,0,16.9904957
8452267364,0,15.5526047
8452317372,0,16.7696724
8452367376,0,16.7940998
8452417376,0,16.6527233
8452467356,0,16.7975063
8452517376,0,19.2165165
8452567376,0,19.0351448
8452618364,0,17.5164852
8452667368,0,18.6900635
8452717380,0,18.8732452
8452767364,0,16.0242577
8452817372,0,15.5323601
8452867372,0,16.8207588
8452917368,0,16.7742195
8452967360,0,16.676178
8453017900,0,16.7486248
8453067384,0,15.5605736
8453117384,0,16.9657898
8453167368,0,16.9219036
8453217380,0,16.7383747
8453267360,0,16.9095058
8453317384,0,16.7309704
8453367380,0,16.78899
8453417376,0,18.4792919
8453467360,0,18.4798069
8453517380,0,18.8661747
8453567360,0,18.4002094
8453618140,0,19.9488621
8453667360,0,15.4406195
8453717384,0,16.9190865
8453767368,0,16.7696724
8453817372,0,16.9016113
8453867364,0,16.9573593
8453917384,0,16.6487141
8453967360,0,16.7673988
8454017644,0,17.0005932
8454067368,0,15.4603672
8454117384,0,17.75807
8454167368,0,16.7793331
8454217820,0,16.5608692
8454267372,0,15.4714642
8454317380,0,16.8145237
8454367364,0,16.7132969
8454417372,0,16.6429863
8454467368,0,16.8569927
8454517384,0,16.6097298
8454567356,0,16.8235931
8454618404,0,16.3418102
8454667380,0,14.9058075
8454717384,0,15.7717686
8454767368,0,15.6009626
8454817396,0,15.6027966
8454867384,0,16.8502045
8454917372,0,16.9202137
8454967368,0,16.7656918
8455017864,0,16.8660393
8455067372,0,15.4954824
8455117388,0,16.9736557
8455167360,0,16.9100704
8455217372,0,16.9117603
8455267364,0,16.9095058
8455317384,0,16.6510048
8455367380,0,16.6085815
8455417376,0,16.8479404
8455467384,0,16.9292259
8455517384,0,16.7480564
8455567376,0,16.9888115
8455618200,0,16.9309158
8455667368,0,15.5378838
8455717384,0,16.8201923
8455767368,0,16.7770615
8455817380,0,16.8558617
8455867372,0,17.0302849
8455917388,0,16.8037472
8455967364,0,16.6750355
8456017644,0,16.7872868
8456067372,0,15.4850178
8456117388,0,16.957922
8456167388,0,16.9382343
8456217836,0,16.9916172
8456267372,0,15.4825544
8456317408,0,16.9444237
8456367388,0,16.7184296
8456417380,0,16.6813221
8456467372,0,16.940485
8456517380,0,16.7269821
8456567368,0,16.6773224
8456618396,0,16.7702408
8456667376,0,15.7105904
8456717396,0,16.9607315
8456767368,0,17.0090027
8456817376,0,16.7605743
8456867372,0,16.9173965
8456917384,0,16.851902
8456967372,0,16.8128223
8457017892,0,16.7810383
8457067372,0,16.1947117
8457117392,0,18.1141243
8457167372,0,16.6321011
8457217368,0,16.7053089
8457267368,0,16.7503319
8457317376,0,16.8224583
8457367380,0,18.8878841
8457417380,0,17.8602962
8457467372,0,20.0546169
8457517384,0,18.7297935
8457567376,0,19.1449718
8457618156,0,18.5877972
8457667368,0,16.2076569
8457717376,0,16.7349586
8457767372,0,16.7656918
8457817376,0,16.8970985
8457867380,0,16.9461117
8457917380,0,17.2079239
8457967372,0,16.9983482
8458017644,0,16.7383747
8458067376,0,15.6015739
8458117396,0,16.9303532
8458167372,0,16.8383198
8458217820,0,16.8003426
8458267368,0,15.517004
8458317388,0,16.8807278
8458367380,0,16.6693172
8458417376,0,16.7383747
8458467368,0,16.9190865
8458517380,0,16.6590195
8458567372,0,16.7708092
8458618444,0,16.9702854
8458667384,0,15.486865
8458717388,0,16.9207783
8458767368,0,16.9596081
8458817384,0,16.9140167
8458867372,0,16.8065834
8458917376,0,16.8207588
8458967372,0,16.6532955
8459017876,0,16.5970974
8459067376,0,16.0046101
8459117384,0,16.717289
8459167372,0,16.8586884
8459217384,0,16.925848
8459267388,0,16.8043137
8459317388,0,16.7241306
8459367384,0,17.4641647
8459417372,0,16.8552971
8459467364,0,16.8303909
8459517380,0,16.7679672
8459567384,0,16.5700779
8459618168,0,16.6978893
8459667376,0,16.1835213
8459717392,0,16.8784695
8459767372,0,16.8762093
8459817380,0,16.9021759
8459867388,0,16.8445454
8459917380,0,16.8349209
8459967376,0,16.7821732
8460017644,0,16.6813221
8460067376,0,15.4097099
8460117404,0,16.8043137
8460167384,0,16.7383747
8460217856,0,16.5464725
8460267380,0,16.1764488
8460317388,0,16.6555843
8460367380,0,16.8303909
8460417392,0,16.7622814
8460467372,0,16.7252712
8460517396,0,16.7383747
8460567372,0,16.9410477
8460618432,0,16.7241306
8460667376,0,15.4659166
8460717384,0,16.9489231
8460767368,0,16.5850296
8460817384,0,16.745779
8460867392,0,18.086216
8460917388,0,16.4875965
8460967376,0,16.3207951
8461017872,0,17.0112438
8461067372,0,15.1708612
8461117396,0,16.1268654
8461167380,0,16.9556732
8461217384,0,16.6578751
8461267372,0,16.7463474
8461317384,0,16.7611427
8461367380,0,16.557415
8461417384,0,16.676178
8461467372,0,16.818491
8461517388,0,16.8552971
8461567384,0,16.8037472
8461618184,0,16.6280861
8461667412,0,17.0157261
8461717388,0,17.7080803
8461767376,0,17.7988167
8461817376,0,18.25564
8461867380,0,18.9050312
8461917392,0,16.9994698
8461967368,0,16.7708092
8462017584,0,16.7127266
8462067372,0,15.4270267
8462117400,0,16.8756447
8462167372,0,16.6830368
8462217828,0,16.8383198
8462267380,0,15.8327103
8462317396,0,16.6257935
8462367376,0,16.6498585
8462417388,0,16.8954048
8462467380,0,16.7161484
8462517388,0,16.6778927
8462567372,0,16.6813221
8462618400,0,17.2665443
8462667388,0,15.5028648
8462717384,0,16.8858089
8462767388,0,16.7537479
8462817376,0,17.8661671
8462867380,0,16.9224682
8462917388,0,17.1824226
8462967368,0,16.6916065
8463017844,0,16.812254
8463067392,0,15.5581207
8463117400,0,17.2400246
8463167400,0,17.1207275
8463217384,0,16.5384026
8463267380,0,16.73382
8463317380,0,16.9337311
8463367380,0,16.7497635
8463417392,0,16.7509022
8463467380,0,16.8609505
8463517384,0,16.7833099
8463567376,0,16.9815159
8463618172,0,16.890892
8463667372,0,15.5875111
8463717388,0,16.6967468
8463767380,0,16.7378063
8463817388,0,16.5890541
8463867384,0,17.7688007
8463917408,0,16.8405838
8463967376,0,17.1818676
8464017608,0,16.7378063
8464067380,0,16.2933159
8464117400,0,16.6212063
8464167380,0,16.7986412
8464217836,0,16.9072514
8464267388,0,15.3806
8464317396,0,16.8218918
8464367384,0,16.7058792
8464417380,0,16.6412697
8464467388,0,16.7497635
8464517396,0,16.8795986
8464567384,0,16.7605743
8464618452,0,16.8479404
8464667392,0,15.4585161
8464717388,0,17.1307487
8464767384,0,16.8564281
8464817384,0,16.701313
8464867392,0,16.9179592
8464917392,0,16.5130177
8464967384,0,16.665884
8465017856,0,16.9297886
8465067388,0,15.3588858
8465117404,0,16.6853237
8465167380,0,16.9871273
8465217388,0,16.8920193
8465267376,0,17.1824226
8465317396,0,16.812254
8465367400,0,16.5689259
8465417396,0,16.9326038
8465467388,0,17.2654419
8465517392,0,16.7679672
8465567380,0,17.1496563
8465618176,0,16.7634182
8465667384,0,16.3523102
8465717396,0,16.812254
8465767372,0,16.8841152
8465817396,0,17.0000305
8465867380,0,17.1457653
8465917392,0,17.3029442
8465967380,0,16.7867184
8466017596,0,16.8162231
8466067392,0,16.2182426
8466117408,0,16.6269398
8466167404,0,16.6229267
8466217844,0,17.0033951
8466267380,0,16.6921787
8466317396,0,16.7799034
8466367384,0,17.8933544
8466417388,0,16.7383747
8466467372,0,16.8400173
8466517396,0,16.8201923
8466567384,0,16.7565918
8466618420,0,16.9134521
8466667384,0,16.873951
8466717388,0,16.9753399
8466767372,0,17.1101456
8466817392,0,17.6444473
8466867396,0,16.676178
8466917392,0,16.761713
8466967376,0,16.9416103
8467017844,0,16.7417927
8467067388,0,16.47892
8467117396,0,17.0448341
8467167380,0,16.9033031
8467217396,0,16.6796093
8467267384,0,16.9348564
8467317392,0,17.2206612
8467367380,0,17.5751591
8467417392,0,16.6778927
8467467384,0,17.0805912
8467517392,0,16.6698875
8467567376,0,18.4529686
8467618200,0,17.1679916
8467667392,0,16.013546
8467717396,0,17.6428261
8467767376,0,16.7366676
8467817388,0,17.1918507
8467867388,0,17.77631
8467917396,0,16.8502045
8467967384,0,16.5453186
8468017608,0,16.688179
8468067388,0,16.4823914
8468117396,0,17.1546593
8468167384,0,16.8179245
8468217840,0,16.9697227
8468267396,0,16.0022278
8468317416,0,16.6984596
8468367388,0,16.8886318
8468417388,0,17.4739857
8468467380,0,16.7132969
8468517392,0,17.3007412
8468567392,0,17.1229553
8468618412,0,16.7662621
8468667384,0,16.7605743
8468717412,0,16.8784695
8468767384,0,16.8411503
8468817400,0,16.8422813
8468867392,0,16.7634182
8468917400,0,17.7349739
8468967384,0,17.3216667
8469017840,0,16.9230309
8469067392,0,15.7663269
8469117404,0,17.4854393
8469167404,0,18.942297
8469217388,0,18.5436497
8469267384,0,19.3016243
8469317396,0,18.8989811
8469367388,0,18.7709656
8469417392,0,19.0691605
8469467380,0,17.6352596
8469517396,0,16.8014774
8469567380,0,17.0140438
8469618176,0,17.7161522
8469667376,0,16.8479404
8469717396,0,17.7671928
8469767392,0,17.6994648
8469817396,0,17.293026
8469867396,0,16.498579
8469917420,0,15.6095181
8469967396,0,15.9455242
8470017612,0,16.0010357
8470067388,0,13.578639
8470117400,0,15.1002998
8470167380,0,17.1674366
8470217844,0,17.9889851
8470267396,0,15.9914989
8470317392,0,17.3639908
8470367392,0,16.7138672
8470417388,0,17.6049652
8470467380,0,17.4832592
8470517388,0,16.8649082
8470567392,0,17.3354187
8470618432,0,17.6087551
8470667392,0,16.3237152
8470717396,0,16.8371868
8470767396,0,17.2543945
8470817396,0,16.6269398
8470867396,0,17.6309357
8470917404,0,16.7412224
8470967396,0,17.4608898
8471017840,0,17.2162323
8471067392,0,15.9616604
8471117404,0,17.2770329
8471167388,0,17.1223984
8471217392,0,16.7543163
8471267388,0,17.882164
8471317412,0,17.086729
8471367396,0,16.6704617
8471417396,0,18.2269039
8471467392,0,16.9410477
8471517396,0,18.1472435
8471567388,0,17.0028343
8471618192,0,16.6870365
8471667396,0,16.0117569
8471717396,0,18.6082954
8471767388,0,18.431263
8471817392,0,18.3161049
8471867400,0,18.5595741
8471917404,0,18.3696232
8471967392,0,18.431263
8472017592,0,17.9587574
8472067396,0,17.0984402
8472117416,0,16.8360538
8472167388,0,17.2112484
8472217836,0,17.0061989
8472267388,0,16.5112877
8472317392,0,16.9798317
8472367396,0,17.1807575
8472417400,0,16.8133907
8472467380,0,17.6114616
8472517392,0,17.0794754
8472567392,0,18.0260372
8472618428,0,18.0899029
8472667388,0,16.6498585
8472717392,0,17.3568516
8472767392,0,17.7430325
8472817396,0,17.8848305
8472867396,0,16.6349659
8472917424,0,16.7315407
8472967396,0,16.6961746
8473017844,0,16.6916065
8473067396,0,16.2698917
8473117404,0,16.7286911
8473167392,0,17.4685307
8473217396,0,18.1729622
8473267388,0,18.2744274
8473317396,0,17.7096939
8473367396,0,17.224535
8473417396,0,17.2372608
8473467396,0,16.7497635
8473517408,0,16.7668304
8473567388,0,16.7378063
8473618236,0,16.6011181
8473667400,0,16.225296
8473717420,0,17.8036346
8473767388,0,17.5615959
8473817400,0,17.3919659
8473867400,0,18.038723
8473917396,0,17.7982807
8473967388,0,17.6924629
8474017616,0,17.6255283
8474067392,0,17.1985035
8474117412,0,17.8901577
8474167384,0,17.649847
8474217852,0,17.8709679
8474267388,0,17.3864841
8474317420,0,16.9089413
8474367400,0,16.7035961
8474417392,0,16.7167187
8474467400,0,16.9145794
8474517404,0,16.4777622
8474567392,0,17.4859848
8474618412,0,17.5876293
8474667392,0,16.7679672
8474717392,0,18.1839733
8474767400,0,18.1272755
8474817400,0,18.0777817
8474867396,0,18.1414661
8474917408,0,18.1109676
8474967392,0,18.1818752
8475017860,0,17.6401234
8475067392,0,17.6833
8475117408,0,17.9130535
8475167428,0,18.2462406
8475217400,0,17.5794983
8475267392,0,18.2712975
8475317404,0,17.4712582
8475367392,0,17.8464165
8475417400,0,18.0329094
8475467392,0,18.097805
8475517412,0,18.2012615
8475567392,0,17.8709679
8475618176,0,18.2655582
8475667392,0,17.1957321
8475717404,0,18.074091
8475767400,0,18.0767269
8475817416,0,17.4532452
8475867408,0,18.0529842
8475917428,0,17.9226284
8475967396,0,17.9082642
8476017596,0,18.4276428
8476067404,0,16.7395153
8476117412,0,17.6157894
8476167388,0,17.7226067
8476217848,0,18.0672321
8476267396,0,17.6590271
8476317404,0,17.3216667
8476367400,0,17.4297447
8476417404,0,17.3612461
8476467392,0,17.5561657
8476517404,0,17.8277111
8476567396,0,18.5472469
8476618452,0,18.0566788
8476667400,0,16.7349586
8476717404,0,18.1493454
8476767396,0,17.8757668
8476817396,0,17.1179428
8476867404,0,18.1556454
8476917408,0,17.5632229
8476967396,0,17.1279659
8477017840,0,18.0376663
8477067396,0,17.1591034
8477117416,0,18.1551208
8477167392,0,18.1524963
8477217396,0,18.3644333
8477267392,0,17.5675659
8477317428,0,18.4141903
8477367396,0,18.3986549
8477417408,0,17.2902679
8477467388,0,17.4450512
8477517404,0,17.7628994
8477567396,0,17.1901875
8477618196,0,18.0228634
8477667396,0,17.1790924
8477717396,0,17.9231606
8477767388,0,17.0174065
8477817404,0,17.0106831
8477867392,0,17.9953423
8477917408,0,18.4007282
8477967388,0,18.4493523
8478017608,0,18.4792919
8478067392,0,17.3639908
8478117412,0,17.6924629
8478167420,0,17.3392677
8478217864,0,18.2509422
8478267388,0,17.1829777
8478317404,0,18.0830517
8478367404,0,18.7124844
8478417404,0,17.745718
8478467396,0,17.6757526
8478517404,0,18.3233891
8478567384,0,17.7113094
8478618424,0,18.3317089
8478667400,0,17.2941284
8478717400,0,17.6033401
8478767396,0,18.29632
8478817408,0,17.5946732
8478867408,0,18.1020184
8478917428,0,17.8501549
8478967404,0,18.0956993
8479017852,0,17.3530064
8479067396,0,16.7776299
8479117412,0,17.0347633
8479167392,0,17.6789875
8479217408,0,18.4224701
8479267392,0,18.398138
8479317404,0,18.1803036
8479367408,0,16.9303532
8479417408,0,18.3067341
8479467396,0,16.8728199
8479517408,0,16.6996021
8479567392,0,16.9264107
8479618204,0,17.3090038
8479667404,0,15.4825544
8479717408,0,18.1141243
8479767396,0,18.51021
8479817400,0,18.3639145
8479867396,0,18.3280697
8479917412,0,17.9709606
8479967400,0,17.7795258
8480017612,0,17.5083199
8480067400,0,17.2095852
8480117404,0,18.342104
8480167396,0,17.9417648
8480217856,0,18.0703983
8480267392,0,17.1818676
8480317400,0,17.8250389
8480367408,0,18.4348812
8480417416,0,17.8992138
8480467388,0,16.6664562
8480517424,0,16.5003128
8480567400,0,16.2833652
8480618432,0,16.498579
8480667400,0,15.5077839
8480717416,0,18.5898476
8480767400,0,18.4865112
8480817416,0,18.445219
8480867408,0,18.567276
8480917412,0,17.8212948
8480967400,0,18.4854794
8481017848,0,18.4963036
8481067408,0,17.3012924
8481117436,0,17.4990635
8481167420,0,17.504509
8481217412,0,18.3950291
8481267396,0,18.4803238
8481317412,0,18.5426216
8481367416,0,18.2420616
8481417412,0,18.3929577
8481467408,0,18.5313091
8481517432,0,18.5030003
8481567404,0,18.5913868
8481618196,0,18.5205059
8481667404,0,17.3249683
8481717420,0,18.0302658
8481767400,0,17.5137653
8481817432,0,18.4374676
8481867444,0,17.8997459
8481917420,0,18.6303062
8481967408,0,18.4607143
8482017620,0,18.3882923
8482067408,0,17.9040051
8482117424,0,18.4069424
8482167400,0,18.526165
8482217860,0,18.4808388
8482267412,0,17.2615757
8482317408,0,18.4193649
8482367412,0,18.0281525
8482417404,0,18.3519745
8482467408,0,18.4224701
8482517416,0,18.4952736
8482567408,0,18.3415852
8482618508,0,18.0877953
8482667396,0,17.9162464
8482717408,0,18.4276428
8482767400,0,17.944952
8482817416,0,18.54776
8482867408,0,18.3545704
8482917424,0,18.4214344
8482967396,0,18.3805161
8483017856,0,18.1514454
8483067396,0,17.2643375
8483117420,0,18.5225639
8483167400,0,18.456583
8483217404,0,18.4431534
8483267392,0,18.6200714
8483317408,0,18.2853756
8483367408,0,17.7714825
8483417408,0,18.4100494
8483467408,0,17.9258213
8483517412,0,18.4100494
8483567396,0,18.3561287
8483618196,0,18.2174892
8483667404,0,17.252737
8483717408,0,18.5441628
8483767404,0,18.4968185
8483817420,0,18.4921818
8483867408,0,17.9428272
8483917432,0,18.5313091
8483967400,0,18.4240208
8484017612,0,18.445219
8484067404,0,17.6822224
8484117424,0,18.0106964
8484167404,0,17.1912956
8484217872,0,18.2723408
8484267400,0,17.2604713
8484317416,0,18.0909576
8484367412,0,18.5826683
8484417412,0,18.5816422
8484467400,0,18.4416027
8484517412,0,18.4576168
8484567404,0,17.927948
8484618420,0,18.426609
8484667408,0,17.8688335
8484717416,0,18.5811291
8484767400,0,17.826107
8484817416,0,18.4193649
8484867420,0,17.8848305
8484917416,0,18.0424213
8484967408,0,18.4844475
8485017868,0,18.5985603
8485067404,0,17.2555008
8485117416,0,18.592411
8485167416,0,18.4932117
8485217420,0,18.4844475
8485267396,0,18.5405636
8485317432,0,16.1846981
8485367428,0,16.6326733
8485417408,0,16.6647415
8485467408,0,16.771946
8485517420,0,16.7799034
8485567416,0,18.6660805
8485618256,0,18.3825912
8485667416,0,17.1796474
8485717416,0,18.4348812
8485767404,0,18.456583
8485817408,0,18.4322968
8485867404,0,18.52668
8485917408,0,18.3846626
8485967400,0,18.262949
8486017636,0,18.3410645
8486067404,0,17.2952309
8486117428,0,18.4896049
8486167396,0,18.4638119
8486217856,0,18.4777431
8486267412,0,17.3183632
8486317412,0,18.6062469
8486367416,0,18.4767113
8486417420,0,18.5503292
8486467412,0,18.0709267
8486517428,0,18.2666016
8486567396,0,18.3426247
8486618460,0,18.3774052
8486667404,0,17.2897167
8486717424,0,18.4988804
8486767408,0,18.4467697
8486817408,0,18.3851833
8486867412,0,18.4849644
8486917416,0,18.4663925
8486967404,0,18.5775394
8487017844,0,16.7872868
8487067400,0,15.508399
8487117432,0,16.8897629
8487167400,0,16.9567966
8487217412,0,16.6595917
8487267404,0,16.8439789
8487317424,0,16.5723801
8487367412,0,16.7582989
8487417420,0,16.8490734
8487467400,0,16.7753563
8487517424,0,16.7007427
8487567408,0,17.3837433
8487618208,0,16.9140167
8487667404,0,16.0789051
8487717416,0,16.8411503
8487767404,0,16.587904
8487817416,0,16.6103039
8487867408,0,18.5847187
8487917416,0,18.4183311
8487967404,0,18.3447018
8488017612,0,18.4823856
8488067404,0,17.2267494
8488117428,0,18.510725
8488167408,0,16.5401325
8488217876,0,16.8824215
8488267408,0,15.5225344
8488317424,0,16.945549
8488367424,0,16.6252213
8488417416,0,16.7269821
8488467404,0,16.9072514
8488517416,0,16.7497635
8488567408,0,16.8190594
8488618484,0,16.8643436
8488667416,0,15.5391111
8488717416,0,18.415226
8488767400,0,18.518961
8488817424,0,18.3768864
8488867412,0,18.47826
8488917416,0,18.5359383
8488967412,0,18.3965836
8489017864,0,16.6429863
8489067412,0,16.235281
8489117428,0,16.7360973
8489167412,0,16.8105526
8489217420,0,16.8502045
8489267408,0,16.740654
8489317416,0,16.8009109
8489367420,0,16.7872868
8489417420,0,16.7258415
8489467408,0,16.7155781
8489517424,0,16.8445454
8489567416,0,16.7736511
8489618200,0,16.6544399
8489667420,0,16.2376308
8489717428,0,16.7178593
8489767420,0,16.8502045
8489817416,0,16.8942757
8489867416,0,16.8609505
8489917424,0,16.7087326
8489967408,0,16.9466743
8490017640,0,16.7121563
8490067432,0,15.5544443
8490117440,0,16.7474861
8490167424,0,18.3691044
8490217884,0,18.6379776
8490267424,0,17.2322826
8490317424,0,18.427124
8490367420,0,18.4204006
8490417412,0,17.7096939
8490467412,0,16.7804699
8490517432,0,16.5545349
8490567412,0,16.6452789
8490618432,0,16.9354191
8490667412,0,15.3960915
8490717428,0,16.6721764
8490767412,0,16.683609
8490817420,0,16.6990299
8490867432,0,16.1729126
8490917428,0,16.6429863
8490967416,0,16.373867
8491017868,0,18.3851833
8491067416,0,17.7602158
8491117432,0,18.3763676
8491167416,0,18.4276428
8491217412,0,18.5554657
8491267416,0,18.4472866
8491317424,0,16.7132969
8491367424,0,16.4997349
8491417420,0,14.8429794
8491467404,0,14.9122038
8491517424,0,15.1626873
8491567416,0,15.1286888
8491618272,0,16.0165215
8491667412,0,14.5961466
8491717424,0,16.7030258
8491767412,0,16.8235931
8491817424,0,16.8773403
8491867420,0,16.7229919
8491917420,0,16.7776299
8491967412,0,16.6698875
8492017628,0,16.5418606
8492067420,0,15.4948673
8492117424,0,16.8942757
8492167412,0,16.8586884
8492217908,0,16.6898937
8492267416,0,16.1534462
8492317428,0,16.6263676
8492367432,0,16.7264118
8492417432,0,16.9848843
8492467416,0,16.7195702
8492517420,0,16.7662621
8492567412,0,16.7594357
8492618436,0,16.6458511
8492667416,0,15.5022497
8492717424,0,16.9449863
8492767420,0,16.7469177
8492817428,0,16.937109
8492867424,0,16.8071518
8492917416,0,16.6349659
8492967412,0,16.7560234
8493017872,0,16.9747772
8493067420,0,15.5194626
8493117436,0,16.7047386
8493167416,0,16.7041683
8493217424,0,16.5141735
8493267412,0,16.849638
8493317420,0,16.8502045
8493367416,0,17.0106831
8493417416,0,16.8541641
8493467412,0,16.8298244
8493517428,0,16.8133907
8493567408,0,16.8558617
8493618232,0,16.8071518
8493667424,0,16.0943165
8493717428,0,14.990016
8493767416,0,14.9804716
8493817432,0,15.9920959
8493867428,0,15.5875111
8493917440,0,16.3324738
8493967424,0,15.9658413
8494017648,0,15.6156244
8494067424,0,14.5712986
8494117436,0,15.8188524
8494167416,0,15.7608824
8494217916,0,15.4770117
8494267416,0,15.4616013
8494317428,0,16.761713
8494367424,0,16.5499287
8494417428,0,16.8620815
8494467416,0,17.0073185
8494517428,0,16.7634182
8494567416,0,16.1138535
8494618504,0,15.9789743
8494667424,0,14.7158699
8494717432,0,15.0610962
8494767424,0,15.8790131
8494817424,0,15.0205212
8494867420,0,16.9994698
8494917436,0,16.8218918
8494967412,0,16.5683517
8495017864,0,16.7708092
8495067428,0,15.4356775
8495117436,0,16.9145794
8495167412,0,16.8795986
8495217424,0,16.6778927
8495267408,0,16.7770615
8495317424,0,17.0437145
8495367432,0,16.7064495
8495417440,0,16.2111855
8495467420,0,16.4435902
8495517424,0,16.738945
8495567420,0,16.6441326
8495618220,0,16.2558212
8495667416,0,15.5856762
8495717424,0,16.7001724
8495767412,0,16.9714069
8495817424,0,16.8326569
8495867416,0,16.8801632
8495917428,0,16.8558617
8495967424,0,16.8167915
8496017620,0,16.8207588
8496067420,0,16.2698917
8496117440,0,16.7053089
8496167432,0,16.1882324
8496218084,0,16.745779
8496267420,0,15.4233179
8496317428,0,16.8405838
8496367428,0,16.9252834
8496417424,0,16.5643234
8496467420,0,16.7713776
8496517456,0,16.9382343
8496567412,0,16.8688641
8496618460,0,17.0078812
8496667412,0,15.6917639
8496717428,0,17.0028343
8496767420,0,16.7332497
8496817428,0,16.6893215
8496867432,0,16.416317
8496917444,0,16.1114864
8496967428,0,16.7321091
8497017880,0,16.8626461
8497067420,0,15.4047594
8497117436,0,16.5683517
8497167412,0,16.8603859
8497217424,0,16.7582989
8497267416,0,16.7001724
8497317432,0,16.6257935
8497367420,0,16.5959492
8497417428,0,16.7127266
8497467412,0,16.8733864
8497517436,0,16.2874622
8497567420,0,16.6441326
8497618228,0,16.8451118
8497667436,0,15.5040951
8497717436,0,16.20648
8497767420,0,16.5274448
8497817432,0,16.9736557
8497867436,0,16.4401112
8497917432,0,16.6447048
8497967432,0,16.5631714
8498017636,0,15.6003513
8498067436,0,16.4157372
8498117448,0,15.9473181
8498167424,0,16.5147514
8498217924,0,16.8303909
8498267424,0,15.3184786
8498317440,0,16.3628006
8498367428,0,16.7923965
8498417436,0,16.1298199
8498467424,0,17.4023762
8498517436,0,16.8835526
8498567428,0,16.0919456
8498618384,0,16.685894
8498667436,0,16.2493687
8498717436,0,16.8094196
8498767428,0,16.9089413
8498817440,0,16.3330574
8498867440,0,16.7531776
8498917436,0,16.8213253
8498967420,0,16.8530331
8499017868,0,16.7229919
8499067420,0,15.5764961
8499117448,0,16.8490734
8499167432,0,15.3743992
8499217432,0,16.5441666
8499267420,0,17.0162868
8499317440,0,16.7127266
8499367432,0,16.7975063
8499417444,0,16.7315407
8499467424,0,16.3965588
8499517436,0,16.7816067
8499567424,0,16.8728199
8499618160,0,16.7503319
8499667424,0,15.3650932
8499717432,0,16.6704617
8499767432,0,16.7816067
8499817428,0,16.63554
8499867436,0,16.579855
8499917440,0,16.3715382
8499967436,0,16.4528637
8500017636,0,19.7312965
8500067420,0,19.3179111
8500117448,0,19.1673584
8500167440,0,20.0693398
8500217944,0,19.6529064
8500267416,0,18.7303028
8500317436,0,16.8241596
8500367436,0,16.9134521
8500417432,0,16.7058792
8500467420,0,16.5130177
8500517432,0,16.8190594
8500567420,0,16.764555
8500618436,0,16.7514706
8500667436,0,16.0741615
8500717452,0,16.0284233
8500767424,0,16.2299957
8500817440,0,16.8428478
8500867428,0,16.7611427
8500917432,0,16.8366203
8500967424,0,16.7252712
8501017888,0,16.7781982
8501067424,0,15.5636368
8501117432,0,16.9461117
8501167424,0,16.8190594
8501217432,0,16.9016113
8501267424,0,16.5648994
8501317432,0,16.668745
8501367444,0,17.7559223
8501417444,0,15.9299698
8501467444,0,16.4256077
8501517440,0,16.6801796
8501567428,0,15.5274477
8501618168,0,14.7624531
8501667428,0,14.7327099
8501717440,0,16.9100704
8501767436,0,16.7668304
8501817432,0,16.8428478
8501867428,0,16.9297886
8501917440,0,16.8196259
8501967420,0,16.683609
8502017640,0,16.8394527
8502067436,0,15.4233179
8502117448,0,16.8009109
8502167420,0,16.6595917
8502217968,0,16.5199451
8502267444,0,15.4239359
8502317436,0,16.9938622
8502367448,0,16.7673988
8502417432,0,16.8643436
8502467428,0,16.907814
8502517448,0,16.6796093
8502567424,0,20.0911674
8502618392,0,20.0394077
8502667428,0,18.1818752
8502717440,0,20.0512905
8502767444,0,20.1229172
8502817436,0,19.8458996
8502867428,0,16.8552971
8502917460,0,16.9545479
8502967436,0,16.8699951
8503017872,0,16.8366203
8503067420,0,15.4196072
8503117444,0,16.5187912
8503167420,0,16.809988
8503217432,0,16.8637772
8503267428,0,17.0118027
8503317440,0,16.7275505
8503367432,0,16.6441326
8503417432,0,16.7952347
8503467432,0,16.7195702
8503517452,0,16.7827435
8503567432,0,16.8982258
8503618380,0,16.8880692
8503667440,0,15.3936138
8503717452,0,17.3617935
8503767432,0,17.2073708
8503817436,0,16.8162231
8503867436,0,16.9629803
8503917436,0,16.7127266
8503967428,0,16.9916172
8504017652,0,16.745779
8504067428,0,15.470232
8504117440,0,16.7132969
8504167432,0,16.937109
8504217948,0,16.8213253
8504267424,0,15.5133171
8504317432,0,16.7906933
8504367448,0,16.6091557
8504417440,0,16.8252926
8504467452,0,16.7963715
8504517436,0,16.6189098
8504567424,0,16.6498585
8504618416,0,16.8230247
8504667428,0,15.6144037
8504717448,0,16.7446404
8504767428,0,16.7895584
8504817436,0,16.745779
8504867432,0,16.893713
8504917432,0,16.9309158
8504967432,0,16.7736511
8505017892,0,16.8037472
8505067436,0,16.3825989
8505117472,0,16.6973171
8505167436,0,18.9151115
8505217448,0,20.2107944
8505267432,0,19.8137054
8505317444,0,16.9219036
8505367440,0,18.440052
8505417436,0,16.6933193
8505467424,0,16.7628479
8505517432,0,16.9427357
8505567428,0,16.6573029
8505618168,0,16.7986412
8505667440,0,16.2786789
8505717440,0,16.7281208
8505767432,0,16.5758305
8505817448,0,16.6435604
8505867440,0,16.8462429
8505917452,0,16.7412224
8505967440,0,16.9432983
8506017640,0,19.0471592
8506067444,0,18.1582718
8506117448,0,20.2564716
8506167436,0,19.7959042
8506217932,0,19.8607788
8506267432,0,19.0496597
8506317440,0,16.8863754
8506367436,0,16.6074333
8506417440,0,16.7878532
8506467436,0,17.0504246
8506517444,0,16.8014774
8506567440,0,19.3356609
8506618648,0,20.1423206
8506667436,0,17.1235123
8506717448,0,18.8560696
8506767436,0,19.3420658
8506817448,0,18.8257198
8506867448,0,16.8014774
8506917444,0,16.9342937
8506967436,0,16.6234989
8507017904,0,16.6011181
8507067432,0,16.110302
8507117444,0,16.7997761
8507167432,0,16.8535995
8507217432,0,16.8795986
8507267432,0,16.7577305
8507317444,0,16.6990299
8507367444,0,16.973093
8507417452,0,20.6717663
8507467432,0,18.7191067
8507517444,0,17.5273666
8507567436,0,16.7332497
8507618176,0,18.4792919
8507667436,0,16.2693062
8507717440,0,16.8071518
8507767440,0,16.8728199
8507817440,0,17.0783577
8507867436,0,16.8468094
8507917444,0,16.7127266
8507967436,0,16.8354874
8508017712,0,16.8332233
8508067448,0,15.4997892
8508117464,0,16.9427357
8508167440,0,16.58848
8508217940,0,16.5285988
8508267440,0,16.2775078
8508317444,0,16.7035961
8508367440,0,16.8128223
8508417448,0,16.9511738
8508467436,0,16.9573593
8508517452,0,16.7810383
8508567436,0,19.3248158
8508618420,0,19.3563499
8508667440,0,17.1973953
8508717440,0,19.5766335
8508767428,0,17.2311764
8508817452,0,20.1876812
8508867432,0,16.8649082
8508917448,0,16.7258415
8508967428,0,17.0392399
8509017956,0,16.9477978
8509067448,0,15.5200768
8509117444,0,16.9044304
8509167424,0,16.806015
8509217436,0,16.6630249
8509267440,0,17.0039558
8509317448,0,17.0123634
8509367460,0,16.7537479
8509417444,0,18.0825253
8509467432,0,17.7854233
8509517452,0,18.0640678
8509567440,0,20.0593681
8509618376,0,19.3465004
8509667444,0,18.5765133
8509717460,0,18.1146507
8509767436,0,16.8077183
8509817444,0,16.9860077
8509867440,0,16.8841152
8509917452,0,16.9010468
8509967436,0,16.711586
8510017700,0,19.4271126
8510067436,0,17.3288193
8510117456,0,19.4035549
8510167436,0,18.5944614
8510217928,0,16.7252712
8510267436,0,16.1693745
8510317448,0,16.8082867
8510367448,0,16.8343563
8510417448,0,17.1168289
8510467436,0,16.7702408
8510517460,0,16.78615
8510567432,0,16.8581238
8510618404,0,16.8026123
8510667436,0,15.4874811
8510717444,0,16.8241596
8510767432,0,16.8383198
8510817448,0,16.8439789
8510867448,0,16.8671684
8510917460,0,16.7855835
8510967444,0,16.8569927
8511017944,0,16.8383198
8511067440,0,15.5096292
8511117480,0,16.7685356
8511167440,0,16.7207108
8511217440,0,16.6624527
8511267436,0,16.8931484
8511317440,0,16.7872868
8511367448,0,16.7997761
8511417448,0,16.7081623
8511467432,0,16.9489231
8511517444,0,16.8235931
8511567440,0,16.8422813
8511618184,0,16.940485
8511667440,0,15.6162357
8511717452,0,16.8150902
8511767444,0,16.9157066
8511817460,0,16.6275139
8511867448,0,16.879034
8511917448,0,16.9348564
8511967448,0,16.7838783
8512017712,0,17.9284782
8512067448,0,17.994812
8512117460,0,17.8896255
8512167444,0,19.9970455
8512217968,0,19.3607788
8512267444,0,18.7094288
8512317440,0,16.919651
8512367448,0,16.745779
8512417460,0,16.688179
8512467444,0,16.7582989
8512517460,0,16.9691601
8512567448,0,16.2382183
8512618704,0,15.1714897
8512667452,0,14.6137762
8512717476,0,15.0933514
8512767440,0,15.9903069
8512817452,0,15.4714642
8512867444,0,16.9522991
8512917444,0,16.5907784
8512967440,0,16.5925026
8513017944,0,16.683609
8513067444,0,15.4183712
8513117464,0,16.7378063
8513167452,0,16.8637772
8513217452,0,16.8309574
8513267456,0,16.8558617
8513317448,0,16.9337311
8513367452,0,16.8031788
8513417464,0,16.3814354
8513467452,0,16.6773224
8513517452,0,18.4684582
8513567452,0,19.5039711
8513618172,0,17.2494221
8513667448,0,16.0189018
8513717456,0,16.7497635
8513767448,0,16.8320904
8513817456,0,16.817358
8513867448,0,16.6967468
8513917468,0,16.8388863
8513967448,0,16.7912617
8514017708,0,16.7355289
8514067444,0,16.1681957
8514117488,0,16.806015
8514167444,0,16.5970974
8514217960,0,16.7275505
8514267452,0,15.4412365
8514317464,0,20.0179996
8514367456,0,19.439373
8514417452,0,19.4045353
8514467444,0,18.7150326
8514517456,0,19.3465004
8514567444,0,18.7180862
8514618428,0,16.7975063
8514667452,0,16.2646179
8514717448,0,16.7992077
8514767452,0,16.7264118
8514817452,0,16.7702408
8514867448,0,16.8812943
8514917460,0,17.2361546
8514967452,0,16.8609505
8515017972,0,16.7138672
8515067452,0,15.556283
8515117460,0,16.8207588
8515167452,0,16.6578751
8515217456,0,16.7452087
8515267448,0,17.0005932
8515317464,0,16.7491951
8515367464,0,16.5764046
8515417456,0,16.7804699
8515467452,0,16.7326794
8515517460,0,16.695034
8515567448,0,16.7952347
8515618392,0,16.690464
8515667456,0,15.4622173
8515717456,0,17.8351955
8515767456,0,17.3106575
8515817456,0,18.8019104
8515867460,0,19.4638672
8515917464,0,17.68923
8515967444,0,18.386219
8516017748,0,17.3689308
8516067456,0,17.4281025
8516117460,0,16.9528618
8516167452,0,17.448328
8516217972,0,16.8750801
8516267456,0,16.3131981
8516317464,0,16.755455
8516367452,0,16.7742195
8516417468,0,16.2968254
8516467464,0,16.6487141
8516517460,0,16.9179592
8516567456,0,15.9873257
8516618420,0,15.7111969
8516667456,0,16.0569496
8516717460,0,16.7252712
8516767452,0,16.3499775
8516817452,0,16.7161484
8516867452,0,19.3065605
8516917456,0,19.7737484
8516967452,0,19.021122
8517017960,0,17.5757027
8517067460,0,16.3528919
8517117472,0,19.1270428
8517167460,0,16.6721764
8517217448,0,16.5896282
8517267452,0,16.9556732
8517317456,0,16.7622814
8517367456,0,16.8077183
8517417448,0,17.2289619
8517467456,0,16.8575573
8517517464,0,17.5691929
8517567456,0,16.9128876
8517618176,0,16.8309574
8517667452,0,16.7975063
8517717472,0,16.9781475
8517767452,0,16.676178
8517817452,0,16.6801796
8517867448,0,16.9117603
8517917456,0,17.1951771
8517967460,0,16.7218494
8518017724,0,17.3705769
8518067452,0,15.580781
8518117476,0,16.9309158
8518167464,0,16.9292259
8518217964,0,16.7588673
8518267464,0,15.6174574
8518317464,0,17.5946732
8518367464,0,17.3343182
8518417448,0,17.5480194
8518467448,0,16.9719696
8518517456,0,19.0451565
8518567448,0,17.8319893
8518618436,0,17.0028343
8518667464,0,15.4121847
8518717452,0,16.8959694
8518767464,0,16.849638
8518817472,0,16.6693172
8518867460,0,16.7946682
8518917468,0,16.9927387
8518967456,0,16.8479404
8519017968,0,16.8954048
8519067468,0,15.6211185
8519117468,0,16.907814
8519167456,0,16.8031788
8519217468,0,16.8332233
8519267472,0,17.0459518
8519317452,0,16.5441666
8519367456,0,16.6624527
8519417456,0,15.1160774
8519467476,0,17.6503868
8519517456,0,16.5896282
8519567468,0,16.3061829
8519618188,0,15.6485634
8519667456,0,15.508399
8519717452,0,17.4543362
8519767456,0,18.6737385
8519817472,0,20.0422592
8519867456,0,18.1755848
8519917468,0,17.8522892
8519967456,0,17.7156124
8520017720,0,16.873951
8520067460,0,15.6089067
8520117472,0,16.9444237
8520167476,0,15.8182497
8520217980,0,16.9179592
8520267464,0,15.4819384
8520317452,0,16.9826393
8520367460,0,16.8773403
8520417456,0,16.7218494
8520467460,0,16.8959694
8520517456,0,16.7304001
8520567456,0,16.8603859
8520618440,0,16.9219036
8520667456,0,15.4757786
8520717476,0,16.7417927
8520767460,0,16.7378063
8520817452,0,16.6183376
8520867468,0,16.6635971
8520917480,0,16.8677349
8520967476,0,16.459816
8521017964,0,16.8207588
8521067468,0,16.2792664
8521117468,0,16.7355289
8521167456,0,18.0914841
8521217464,0,18.0972786
8521267460,0,17.4521523
8521317484,0,18.0318527
8521367460,0,17.695694
8521417464,0,16.4939556
8521467464,0,16.812254
8521517468,0,16.8535995
8521567456,0,16.7497635
8521618176,0,16.7463474
8521667460,0,16.5343666
8521717460,0,17.2532902
8521767456,0,16.7685356
8521817464,0,16.9461117
8521867464,0,16.7804699
8521917460,0,16.8224583
8521967460,0,16.7212811
8522017724,0,17.4363041
8522067456,0,15.4837866
8522117468,0,17.6946163
8522167464,0,17.7902451
8522217972,0,18.1241188
8522267460,0,17.0671902
8522317460,0,18.52668
8522367468,0,18.4560661
8522417472,0,17.9375134
8522467480,0,18.5647087
8522517460,0,17.9274139
8522567464,0,16.5999699
8522618432,0,16.7024555
8522667468,0,15.4844017
8522717460,0,16.5746803
8522767464,0,16.7349586
8522817468,0,16.8043137
8522867464,0,19.3070545
8522917460,0,16.8841152
8522967468,0,17.4925251
8523017972,0,20.0417843
8523067476,0,16.0765324
8523117468,0,20.028944
8523167472,0,16.6039886
8523217472,0,18.1014919
8523267464,0,17.3804531
8523317472,0,16.7446404
8523367468,0,16.8337898
8523417464,0,16.8705597
8523467468,0,16.8999195
8523517472,0,16.9004822
8523567472,0,16.8105526
8523618196,0,16.818491
8523667472,0,16.2247066
8523717468,0,16.7628479
8523767464,0,16.6853237
8523817464,0,16.6372585
8523867468,0,16.8003426
8523917480,0,16.707592
8523967456,0,16.7975063
8524017732,0,16.7207108
8524067472,0,15.4016638
8524117468,0,17.1429844
8524167460,0,16.8116894
8524217956,0,16.8626461
8524267468,0,16.1233158
8524317464,0,16.6813221
8524367468,0,16.6298065
8524417464,0,16.7474861
8524467460,0,16.7770615
8524517472,0,16.7292595
8524567472,0,16.919651
8524618428,0,16.6286602
8524667472,0,15.5225344
8524717472,0,17.6849174
8524767464,0,16.8213253
8524817464,0,16.745779
8524867464,0,16.956234
8524917464,0,16.7906933
8524967464,0,16.6080074
8525017964,0,16.7844467
8525067472,0,15.4757786
8525117476,0,16.8530331
8525167464,0,16.8976631
8525217464,0,16.6716042
8525267468,0,16.8451118
8525317472,0,16.7383747
8525367468,0,16.8298244
8525417460,0,16.9162693
8525467468,0,16.7833099
8525517464,0,16.8309574
8525567460,0,16.6166172
8525618204,0,16.6418419
8525667472,0,16.1073418
8525717476,0,16.7810383
8525767464,0,16.8479404
8525817476,0,16.8999195
8525867476,0,16.7577305
8525917472,0,16.7264118
8525967472,0,16.9241581
8526017724,0,16.8801632
8526067472,0,15.4683828
8526117476,0,17.0431557
8526167472,0,16.5775547
8526217988,0,17.0844975
8526267472,0,15.9897108
8526317468,0,16.7429314
8526367476,0,16.6973171
8526417456,0,16.7787666
8526467464,0,16.851902
8526517472,0,16.6641674
8526567464,0,16.9399223
8526618428,0,16.9641037
8526667472,0,15.5059395
8526717464,0,16.8230247
8526767472,0,16.7855835
8526817476,0,16.6338196
8526867480,0,18.1241188
8526917480,0,16.7833099
8526967548,0,18.0825253
8527017984,0,18.7399673
8527067472,0,16.8858089
8527117476,0,17.2494221
8527167472,0,16.8558617
8527217472,0,16.761713
8527267460,0,16.9044304
8527317468,0,16.8925838
8527367480,0,16.5003128
8527417476,0,16.7241306
8527467488,0,17.7403469
8527517468,0,17.0409184
8527567468,0,19.2284145
8527618196,0,17.7134609
8527667484,0,16.5953751
8527717496,0,16.4927979
8527767456,0,16.7725143
8527817472,0,16.7024555
8527867480,0,16.9584827
8527917468,0,16.9466743
8527967468,0,16.6818943
8528017716,0,16.5965233
8528067476,0,16.225296
8528117472,0,16.8417149
8528167456,0,16.764555
8528217964,0,16.9168339
8528267480,0,15.4683828
8528317468,0,19.260107
8528367484,0,17.8976154
8528417468,0,17.8763008
8528467472,0,16.6595917
8528517476,0,18.0756721
8528567468,0,18.3768864
8528618428,0,16.8264256
8528667476,0,15.3855591
8528717468,0,16.817358
8528767472,0,16.769104
8528817464,0,16.7098732
8528867480,0,16.8762093
8528917472,0,16.6303806
8528967456,0,16.7150078
8529017968,0,16.7912617
8529067460,0,15.3035316
8529117480,0,16.7582989
8529167484,0,15.8742085
8529217472,0,17.4138756
8529267456,0,16.8326569
8529317472,0,16.7713776
8529367484,0,16.685894
8529417468,0,16.8128223
8529467456,0,16.804882
8529517480,0,16.7035961
8529567460,0,16.7560234
8529618212,0,16.8360538
8529667460,0,15.4850178
8529717476,0,16.7651234
8529767480,0,16.7247009
8529817472,0,16.6177635
8529867480,0,16.7184296
8529917476,0,17.354105
8529967464,0,16.7110157
8530017760,0,18.6246777
8530067480,0,16.1752701
8530117480,0,16.7571602
8530167476,0,16.7178593
8530217920,0,18.5174179
8530267464,0,15.5685368
8530317472,0,16.8150902
8530367484,0,16.7759247
8530417472,0,16.6469975
8530467464,0,16.7366676
8530517468,0,16.7923965
8530567460,0,16.8156567
8530618444,0,16.9145794
8530667472,0,16.2082462
8530717468,0,16.6022663
8530767464,0,16.7070217
8530817472,0,16.9747772
8530867464,0,16.8162231
8530917476,0,16.7035961
8530967464,0,16.8925838
8531017988,0,16.6045628
8531067468,0,15.5936279
8531117484,0,16.8581238
8531167464,0,16.7560234
8531217468,0,16.7776299
8531267464,0,17.0168457
8531317476,0,16.6653137
8531367476,0,16.745779
8531417472,0,16.7975063
8531467464,0,17.4816227
8531517496,0,16.6635971
8531567464,0,16.6515789
8531618208,0,16.5861797
8531667480,0,15.6021852
8531717480,0,18.4767113
8531767472,0,18.5060902
8531817476,0,18.6405334
8531867496,0,18.4844475
8531917484,0,18.5179329
8531967472,0,18.5616283
8532017736,0,16.78615
8532067484,0,16.0159264
8532117480,0,17.7596798
8532167472,0,17.7543106
8532217964,0,17.086729
8532267488,0,15.5771084
8532317480,0,16.8377533
8532367484,0,17.2720661
8532417472,0,16.8959694
8532467460,0,16.7844467
8532517472,0,16.9303532
8532567464,0,18.3810349
8532618448,0,18.4658775
8532667468,0,17.7484035
8532717484,0,18.5318241
8532767468,0,18.2796421
8532817476,0,18.0239201
8532867464,0,17.7328224
8532917476,0,17.5935917
8532967472,0,16.9427357
8533018004,0,17.3810005
8533067476,0,15.9550886
8533117492,0,17.3139591
8533167468,0,16.7781982
8533217480,0,16.688179
8533267472,0,16.882988
8533317484,0,16.6246471
8533367496,0,17.0230083
8533417472,0,16.5533848
8533467468,0,16.6784649
8533517480,0,16.6847515
8533567468,0,16.9674759
8533618216,0,16.8139553
8533667472,0,15.4443235
8533717484,0,17.58004
8533767472,0,16.695034
8533817496,0,16.8784695
8533867476,0,16.8445454
8533917480,0,16.6841793
8533967476,0,16.9556732
8534017740,0,16.9865685
8534067476,0,16.0218792
8534117484,0,16.8502045
8534167476,0,16.7833099
8534217932,0,16.737236
8534267468,0,17.0291672
8534317480,0,16.78899
8534367472,0,16.752039
8534417484,0,16.7155781
8534467480,0,17.8997459
8534517480,0,16.7622814
8534567480,0,16.7730827
8534618444,0,16.7150078
8534667480,0,15.4196072
8534717484,0,16.7030258
8534767472,0,16.7929649
8534817472,0,16.8841152
8534867484,0,16.7326794
8534917484,0,16.8801632
8534967476,0,16.9736557
8535017988,0,16.8903255
8535067472,0,15.734848
8535117488,0,16.9376698
8535167476,0,17.6703587
8535217476,0,18.9231701
8535267480,0,17.8720341
8535317488,0,16.8818588
8535367476,0,16.7275505
8535417480,0,16.8179245
8535467464,0,16.8275585
8535517492,0,16.7024555
8535567476,0,16.8660393
8535618204,0,16.7855835
8535667476,0,15.556283
8535717484,0,17.7596798
8535767472,0,17.1641045
8535817496,0,17.8234348
8535867488,0,17.3968983
8535917492,0,17.2101383
8535967496,0,19.6548462
8536017812,0,20.7669468
8536067484,0,19.1414871
8536117488,0,21.5649395
8536167484,0,22.3530769
8536217912,0,24.7416687
8536267472,0,24.7632046
8536317484,0,27.6052437
8536367496,0,29.2815113
8536417476,0,31.1534157
8536467472,0,33.0865669
8536517476,0,34.2113266
8536567468,0,36.8733292
8536618372,0,39.9572067
8536667472,0,40.7216339
8536717480,0,43.4432945
8536767468,0,45.7892609
8536817472,0,47.5886269
8536867472,0,50.5405731
8536917484,0,51.3721848
8536967456,0,52.3949203
8537017928,0,54.5176659
8537067472,0,56.5669365
8537117492,0,58.0089989
8537167472,0,60.2548981
8537217476,0,63.0986252
8537267472,0,65.1469803
8537317476,0,67.1170731
8537367476,0,69.8039474
8537417488,0,72.2534256
8537467468,0,74.299263
8537517488,0,76.5908813
8537567476,0,78.0135651
8537618212,0,79.9599457
8537667500,0,82.1255569
8537717468,0,84.0229263
8537767468,0,86.2527771
8537817472,0,87.8416443
8537867468,0,89.6997528
8537917480,0,91.8678818
8537967464,0,94.4013748
8538017704,0,96.1563034
8538067480,0,97.2265472
8538117484,0,99.323555
8538167480,0,101.500946
8538217904,0,103.861755
8538267480,0,105.099823
8538317484,0,107.597939
8538367476,0,108.890785
8538417480,0,110.589371
8538467476,0,112.300972
8538517480,0,113.590149
8538567476,0,114.762062
8538618440,0,116.798622
8538667472,0,118.19603
8538717476,0,119.763565
8538767484,0,122.002258
8538817468,0,123.282364
8538867480,0,125.007645
8538917496,0,126.98127
8538967484,0,128.032654
8539017936,0,129.008209
8539067480,0,131.532532
8539117492,0,132.922073
8539167476,0,135.275406
8539217476,0,137.19194
8539267472,0,138.861755
8539317484,0,140.861755
8539367472,0,142.585709
8539417488,0,144.663315
8539467472,0,145.626251
8539517480,0,146.71431
8539567476,0,147.781723
8539618200,0,149.157074
8539667480,0,149.194351
8539717492,0,149.486893
8539767472,0,148.528198
8539817476,0,148.412613
8539867468,0,148.556564
8539917488,0,147.222244
8539967476,0,147.094818
8540017704,0,146.208969
8540067488,0,144.900116
8540117496,0,144.269058
8540167484,0,144.148376
8540217880,0,143.598114
8540267496,0,144.488846
8540317496,0,144.093903
8540367492,0,142.898117
8540417480,0,141.798737
8540467472,0,143.038162
8540517500,0,141.939301
8540567476,0,141.527893
8540618436,0,141.69809
8540667488,0,141.036072
8540717480,0,140.523224
8540767468,0,140.357971
8540817484,0,139.040131
8540867488,0,137.996201
8540917488,0,137.375214
8540967476,0,137.524338
8541017960,0,135.968933
8541067488,0,135.240891
8541117492,0,135.069138
8541167484,0,134.349747
8541217492,0,133.799072
8541267472,0,132.330734
8541317484,0,131.044388
8541367488,0,130.751938
8541417488,0,130.666031
8541467480,0,129.595627
8541517488,0,128.535233
8541567480,0,128.354568
8541618216,0,128.133896
8541667492,0,128.744354
8541717488,0,128.095016
8541767480,0,127.372116
8541817488,0,126.180023
8541867484,0,125.516594
8541917488,0,124.087433
8541967480,0,122.924614
8542017708,0,122.419128
8542067484,0,122.955566
8542117496,0,122.760796
8542167480,0,122.562332
8542217892,0,121.887955
8542267480,0,120.658951
8542317488,0,121.008369
8542367496,0,120.179222
8542417480,0,119.838966
8542467476,0,119.818016
8542517488,0,119.386086
8542567480,0,118.319054
8542618468,0,118.542725
8542667492,0,117.490242
8542717484,0,117.324753
8542767480,0,116.353554
8542817480,0,115.591118
8542867500,0,114.404419
8542917492,0,114.327209
8542967480,0,113.582207
8543017944,0,113.211494
8543067484,0,112.16935
8543117500,0,111.361732
8543167488,0,111.821869
8543217492,0,111.019661
8543267476,0,110.532181
8543317492,0,109.198776
8543367488,0,108.993225
8543417492,0,109.057022
8543467484,0,107.696594
8543517496,0,107.374054
8543567484,0,107.28598
8543618200,0,107.800285
8543667488,0,107.586472
8543717496,0,107.236496
8543767476,0,106.7845
8543817488,0,107.04985
8543867488,0,105.825905
8543917500,0,104.625076
8543967476,0,103.922813
8544017712,0,101.745834
8544067480,0,100.039742
8544117496,0,101.020859
8544167480,0,100.074783
8544217908,0,100.249649
8544267496,0,99.2576523
8544317500,0,98.733017
8544367504,0,97.7567825
8544417504,0,96.5531616
8544467492,0,95.4264221
8544517496,0,95.0585403
8544567484,0,94.5820847
8544618440,0,93.7056351
8544667484,0,92.7682877
8544717504,0,92.2854538
8544767488,0,91.9973984
8544817484,0,91.4834595
8544867504,0,91.7128983
8544917492,0,89.8935089
8544967480,0,88.7147141
8545017952,0,88.4160614
8545067488,0,87.3320007
8545117500,0,86.7358704
8545167492,0,86.9533691
8545217496,0,86.5797806
8545267488,0,85.6078415
8545317496,0,85.4577789
8545367492,0,85.0389404
8545417492,0,84.0976486
8545467488,0,83.9725952
8545517508,0,85.8324738
8545567484,0,85.3767395
8545618228,0,83.4877701
8545667492,0,84.1388931
8545717504,0,82.5254364
8545767484,0,80.6963501
8545817492,0,78.144455
8545867492,0,78.7318115
8545917496,0,79.3281479
8545967488,0,79.5220261
8546017660,0,79.6125412
8546067488,0,78.7326355
8546117500,0,78.9385223
8546167488,0,77.924675
8546217896,0,76.8427734
8546267496,0,76.0049515
8546317500,0,74.8055496
8546367496,0,74.1293182
8546417496,0,73.8380585
8546467484,0,73.6465073
8546517492,0,74.210701
8546567488,0,74.0714874
8546618452,0,73.613472
8546667500,0,72.2525253
8546717500,0,71.4357529
8546767480,0,71.236908
8546817500,0,70.4505081
8546867496,0,71.2241974
8546917500,0,72.2009964
8546967476,0,71.6725616
8547017900,0,71.8169098
8547067496,0,70.7505722
8547117508,0,71.2674255
8547167480,0,70.6002426
8547217492,0,68.0790253
8547267500,0,67.440239
8547317496,0,67.9434586
8547367492,0,68.3515167
8547417500,0,66.0236893
8547467492,0,64.4923782
8547517500,0,64.6628647
8547567488,0,65.1094437
8547618224,0,64.6858978
8547667500,0,64.3020401
8547717496,0,64.6932907
8547767496,0,62.4370728
8547817504,0,62.4104767
8547867504,0,62.7870522
8547917504,0,62.4782295
8547967488,0,63.0253105
8548017672,0,63.8576736
8548067508,0,63.8854141
8548117516,0,63.90448
8548167508,0,62.9994125
8548217896,0,63.3850899
8548267500,0,61.4566727
8548317504,0,61.5098
8548367504,0,61.9281197
8548417496,0,60.9119759
8548467488,0,60.6928406
8548517508,0,60.8606224
8548567488,0,59.47686
8548618456,0,59.3042412
8548667512,0,58.5494614
8548717508,0,58.7858047
8548767488,0,57.474102
8548817504,0,56.7433281
8548867508,0,57.1219444
8548917512,0,56.9102287
8548967496,0,57.0578384
8549017916,0,56.9786339
8549067512,0,55.4375687
8549117524,0,56.054821
8549167500,0,55.9988785
8549217500,0,55.7775497
8549267496,0,55.448101
8549317520,0,55.1857834
8549367512,0,54.8203926
8549417496,0,54.6384811
8549467496,0,52.3922195
8549517508,0,51.5238304
8549567496,0,51.4413681
8549618228,0,50.5933952
8549667500,0,51.0532913
8549717500,0,50.5299301
8549767512,0,49.3574829
8549817496,0,49.152153
8549867496,0,49.2143631
8549917508,0,49.156002
8549967492,0,48.0893135
8550017664,0,48.5798759
8550067504,0,47.1455002
8550117528,0,46.4516716
8550167492,0,45.6929169
8550217900,0,45.9831848
8550267504,0,45.2116127
8550317512,0,45.6562691
8550367492,0,44.7301102
8550417496,0,45.2402649
8550467500,0,45.0840149
8550517504,0,44.2220955
8550567496,0,45.0164032
8550618472,0,44.1672821
8550667512,0,44.0062943
8550717500,0,43.4946823
8550767488,0,43.4792328
8550817520,0,43.5460129
8550867508,0,43.0176125
8550917508,0,44.9219551
8550967488,0,43.65065
8551017908,0,43.5833817
8551067500,0,42.4769592
8551117508,0,42.7907715
8551167492,0,41.6286087
8551217500,0,40.3464279
8551267512,0,40.4083824
8551317504,0,40.3910255
8551367504,0,41.064537
8551417508,0,40.5065231
8551467500,0,40.2325821
8551517504,0,40.7421036
8551567500,0,39.6313744
8551618220,0,39.294117
8551667500,0,38.0756874
8551717504,0,39.3611298
8551767492,0,40.2839012
8551817520,0,39.7116547
8551867520,0,38.7582016
8551917508,0,38.6751785
8551967496,0,38.8390923
8552017664,0,39.5063286
8552067512,0,37.7514801
8552117516,0,38.2002716
8552167500,0,37.9241905
8552217904,0,36.9963722
8552267508,0,36.3438072
8552317516,0,37.0570984
8552367508,0,37.0099602
8552417508,0,37.2111511
8552467496,0,35.3912163
8552517508,0,36.0530663
8552567504,0,34.6435089
8552618460,0,34.9860191
8552667504,0,34.4246521
8552717528,0,35.088707
8552767496,0,35.3512268
8552817516,0,34.2579231
8552867516,0,36.044117
8552917524,0,36.1006813
8552967500,0,36.1190758
8553017916,0,34.1549339
8553067500,0,33.8505173
8553117524,0,35.0851898
8553167492,0,35.0326576
8553217512,0,35.1179161
8553267500,0,35.0995293
8553317508,0,35.1157532
8553367516,0,35.214016
8553417528,0,34.874855
8553467508,0,35.0984459
8553517504,0,35.1522293
8553567496,0,35.0987167
8553618276,0,35.1141319
8553669340,0,34.4806023
