timestamp,threadId,minimumStack
1946726,0,14148
8434405,1,14684
8434521,4,16204
8434320,5,16284
8434320,6,16284
8434536,7,16180
8432675,8,16180
1946726,0,14148
8435405,1,14684
8435521,4,16204
8435004,5,16268
8435076,6,15580
8435386,7,16180
8434675,8,16180
1946726,0,14148
8436405,1,14684
8436521,4,16204
8436404,5,16268
8436464,6,15580
8436444,7,16180
8434675,8,16180
1946726,0,14148
8437405,1,14684
8437521,4,16204
8437104,5,16268
8437164,6,15580
8437506,7,16180
8436675,8,16180
1946726,0,14148
8438405,1,14684
8438521,4,16204
8438504,5,16268
8438566,6,15580
8438353,7,16180
8436675,8,16180
1946726,0,14148
8439405,1,14684
8439521,4,16204
8439203,5,16228
8439262,6,15580
8439415,7,16180
8438675,8,16180
1946726,0,14148
8440405,1,14684
8440521,4,16204
8439893,5,16228
8439989,6,15580
8440474,7,16180
8438675,8,16180
1946726,0,14148
8441405,1,14684
8441521,4,16204
8441284,5,16228
8441346,6,15580
8441534,7,16180
8440675,8,16180
1946726,0,14148
8442405,1,14684
8442521,4,16204
8441984,5,16228
8442046,6,15580
8442381,7,16180
8440675,8,16180
1946726,0,14148
8443405,1,14684
8443521,4,16204
8443384,5,16228
8443444,6,15580
8443440,7,16180
8442675,8,16180
1946726,0,14148
8444405,1,14684
8444521,4,16204
8444084,5,16228
8444146,6,15580
8444502,7,16180
8442675,8,16180
1946726,0,14148
8445405,1,14684
8445521,4,16204
8445483,5,16228
8445546,6,15580
8445562,7,16180
8444675,8,16180
1946726,0,14148
8446405,1,14684
8446521,4,16204
8446173,5,16228
8446233,6,15580
8446412,7,16180
8444675,8,16180
1946726,0,14148
8447405,1,14684
8447521,4,16204
8447565,5,16228
8446924,6,15580
8447472,7,16180
8446675,8,16180
1946726,0,14148
8448405,1,14684
8448521,4,16204
8448264,5,16228
8448360,6,15580
8448533,7,16180
8446675,8,16180
1946726,0,14148
8449405,1,14684
8449521,4,16204
8448965,5,16228
8449024,6,15580
8449380,7,16180
8448675,8,16180
1946726,0,14148
8450405,1,14684
8450521,4,16204
8450365,5,16228
8450422,6,15580
8450440,7,16180
8448675,8,16180
1946726,0,14148
8451405,1,14684
8451521,4,16204
8451063,5,16228
8451124,6,15580
8451501,7,16180
8450675,8,16180
1946726,0,14148
8452405,1,14684
8452521,4,16204
8452453,5,16228
8452516,6,15580
8452564,7,16180
8450675,8,16180
1946726,0,14148
8453405,1,14684
8453521,4,16204
8453144,5,16228
8453206,6,15580
8453413,7,16180
8452675,8,16180
1946726,0,14148
8454405,1,14684
8454521,4,16204
8454544,5,16228
8453904,6,15580
8454475,7,16180
8452675,8,16180
1946726,0,14148
8455405,1,14684
8455521,4,16204
8455244,5,16228
8455300,6,15580
8455535,7,16180
8454675,8,16180
1946726,0,14148
8456405,1,14684
8456521,4,16204
8455943,5,16228
8456002,6,15580
8456384,7,16180
8454675,8,16180
1946726,0,14148
8457405,1,14684
8457521,4,16204
8457333,5,16228
8457394,6,15580
8457445,7,16180
8456675,8,16180
1946726,0,14148
8458405,1,14684
8458521,4,16204
8458024,5,16228
8458082,6,15580
8458506,7,16180
8456675,8,16180
1946726,0,14148
8459405,1,14684
8459521,4,16204
8459424,5,16228
8459484,6,15580
8459353,7,16180
8458675,8,16180
1946726,0,14148
8460405,1,14684
8460521,4,16204
8460124,5,16228
8460185,6,15580
8460415,7,16180
8458675,8,16180
1946726,0,14148
8461405,1,14684
8461521,4,16204
8461524,5,16228
8460888,6,15580
8461475,7,16180
8460675,8,16180
1946726,0,14148
8462405,1,14684
8462521,4,16204
8462223,5,16228
8462284,6,15580
8462535,7,16180
8460675,8,16180
1946726,0,14148
8463405,1,14684
8463521,4,16204
8462913,5,16228
8462974,6,15580
8463382,7,16180
8462675,8,16180
1946726,0,14148
8464405,1,14684
8464521,4,16204
8464304,5,16228
8464366,6,15580
8464445,7,16180
8462675,8,16180
1946726,0,14148
8465405,1,14684
8465521,4,16204
8465004,5,16228
8465099,6,15580
8465506,7,16180
8464675,8,16180
1946726,0,14148
8466405,1,14684
8466521,4,16204
8466404,5,16228
8466464,6,15580
8466353,7,16180
8464675,8,16180
1946726,0,14148
8467405,1,14684
8467521,4,16204
8467104,5,16228
8467162,6,15580
8467417,7,16180
8466675,8,16180
1946726,0,14148
8468405,1,14684
8468521,4,16204
8468503,5,16228
8468566,6,15580
8468479,7,16180
8466675,8,16180
1946726,0,14148
8469405,1,14684
8469521,4,16204
8469193,5,16228
8469253,6,15580
8469540,7,16180
8468675,8,16180
1946726,0,14148
8470405,1,14684
8470521,4,16204
8469884,5,16228
8469944,6,15580
8470387,7,16180
8468675,8,16180
1946726,0,14148
8471405,1,14684
8471521,4,16204
8471284,5,16228
8471348,6,15580
8471447,7,16180
8470675,8,16180
1946726,0,14148
8472405,1,14684
8472521,4,16204
8471984,5,16228
8472046,6,15580
8472508,7,16180
8470675,8,16180
1946726,0,14148
8473405,1,14684
8473521,4,16204
8473384,5,16228
8473478,6,15580
8473356,7,16180
8472675,8,16180
1946726,0,14148
8474405,1,14684
8474521,4,16204
8474083,5,16228
8474146,6,15580
8474419,7,16180
8472675,8,16180
1946726,0,14148
8475405,1,14684
8475521,4,16204
8475473,5,16228
8475534,6,15580
8475479,7,16180
8474675,8,16180
1946726,0,14148
8476405,1,14684
8476521,4,16204
8476165,5,16228
8476222,6,15580
8476540,7,16180
8474675,8,16180
1946726,0,14148
8477405,1,14684
8477521,4,16204
8477565,5,16228
8476924,6,15580
8477388,7,16180
8476675,8,16180
1946726,0,14148
8478405,1,14684
8478521,4,16204
8478264,5,16228
8478326,6,15580
8478449,7,16180
8476675,8,16180
1946726,0,14148
8479405,1,14684
8479521,4,16204
8478965,5,16228
8479026,6,15580
8479510,7,16180
8478675,8,16180
1946726,0,14148
8480405,1,14684
8480521,4,16204
8480363,5,16228
8480424,6,15580
8480357,7,16180
8478675,8,16180
1946726,0,14148
8481405,1,14684
8481521,4,16204
8481053,5,16228
8481116,6,15580
8481420,7,16180
8480675,8,16180
1946726,0,14148
8482405,1,14684
8482521,4,16204
8482444,5,16228
8482502,6,15580
8482481,7,16180
8480675,8,16180
1946726,0,14148
8483405,1,14684
8483521,4,16204
8483144,5,16228
8483202,6,15580
8483541,7,16180
8482675,8,16180
1946726,0,14148
8484405,1,14684
8484521,4,16204
8484544,5,16228
8483904,6,15580
8484390,7,16180
8482675,8,16180
1946726,0,14148
8485405,1,14684
8485521,4,16204
8485243,5,16228
8485304,6,15580
8485449,7,16180
8484675,8,16180
1946726,0,14148
8486405,1,14684
8486521,4,16204
8485938,5,16228
8486000,6,15580
8486511,7,16180
8484675,8,16180
1946726,0,14148
8487405,1,14684
8487521,4,16204
8487333,5,16228
8487396,6,15580
8487358,7,16180
8486675,8,16180
1946726,0,14148
8488405,1,14684
8488521,4,16204
8488024,5,16228
8488082,6,15580
8488420,7,16180
8486675,8,16180
1946726,0,14148
8489405,1,14684
8489521,4,16204
8489424,5,16228
8489484,6,15580
8489481,7,16180
8488675,8,16180
1946726,0,14148
8490405,1,14684
8490521,4,16204
8490124,5,16228
8490219,6,15580
8490541,7,16180
8488675,8,16180
1946726,0,14148
8491405,1,14684
8491521,4,16204
8491523,5,16228
8490886,6,15580
8491390,7,16180
8490675,8,16180
1946726,0,14148
8492405,1,14684
8492521,4,16204
8492213,5,16228
8492273,6,15580
8492449,7,16180
8490675,8,16180
1946726,0,14148
8493405,1,14684
8493521,4,16204
8492904,5,16228
8492966,6,15580
8493511,7,16180
8492675,8,16180
1946726,0,14148
8494405,1,14684
8494521,4,16204
8494304,5,16228
8494367,6,15580
8494358,7,16180
8492675,8,16180
1946726,0,14148
8495405,1,14684
8495521,4,16204
8495004,5,16228
8495066,6,15580
8495420,7,16180
8494675,8,16180
1946726,0,14148
8496405,1,14684
8496521,4,16204
8496404,5,16228
8496464,6,15580
8496481,7,16180
8494675,8,16180
1946726,0,14148
8497405,1,14684
8497521,4,16204
8497103,5,16228
8497166,6,15580
8497540,7,16180
8496675,8,16180
1946726,0,14148
8498405,1,14684
8498521,4,16204
8498500,5,16228
8497858,6,15580
8498388,7,16180
8496675,8,16180
1946726,0,14148
8499405,1,14684
8499521,4,16204
8499193,5,16228
8499253,6,15580
8499447,7,16180
8498675,8,16180
1946726,0,14148
8500405,1,14684
8500521,4,16204
8499884,5,16228
8499948,6,15580
8500509,7,16180
8498675,8,16180
1946726,0,14148
8501405,1,14684
8501521,4,16204
8501284,5,16228
8501346,6,15580
8501357,7,16180
8500675,8,16180
1946726,0,14148
8502405,1,14684
8502521,4,16204
8501984,5,16228
8502048,6,15580
8502419,7,16180
8500675,8,16180
1946726,0,14148
8503405,1,14684
8503521,4,16204
8503384,5,16228
8503446,6,15580
8503481,7,16180
8502675,8,16180
1946726,0,14148
8504405,1,14684
8504521,4,16204
8504083,5,16228
8504142,6,15580
8504540,7,16180
8502675,8,16180
1946726,0,14148
8505405,1,14684
8505521,4,16204
8505473,5,16228
8505533,6,15580
8505388,7,16180
8504675,8,16180
1946726,0,14148
8506405,1,14684
8506521,4,16204
8506165,5,16228
8506222,6,15580
8506447,7,16180
8504675,8,16180
1946726,0,14148
8507405,1,14684
8507521,4,16204
8507565,5,16228
8506961,6,15580
8507509,7,16180
8506675,8,16180
1946726,0,14148
8508405,1,14684
8508521,4,16204
8508264,5,16228
8508326,6,15580
8508357,7,16180
8506675,8,16180
1946726,0,14148
8509405,1,14684
8509521,4,16204
8508964,5,16228
8509024,6,15580
8509418,7,16180
8508675,8,16180
1946726,0,14148
8510405,1,14684
8510521,4,16204
8510363,5,16228
8510422,6,15580
8510480,7,16180
8508675,8,16180
1946726,0,14148
8511405,1,14684
8511521,4,16204
8511053,5,16228
8511114,6,15580
8511539,7,16180
8510675,8,16180
1946726,0,14148
8512405,1,14684
8512521,4,16204
8512444,5,16228
8512502,6,15580
8512388,7,16180
8510675,8,16180
1946726,0,14148
8513405,1,14684
8513521,4,16204
8513144,5,16228
8513204,6,15580
8513448,7,16180
8512675,8,16180
1946726,0,14148
8514405,1,14684
8514521,4,16204
8514544,5,16228
8513904,6,15580
8514510,7,16180
8512675,8,16180
1946726,0,14148
8515405,1,14684
8515521,4,16204
8515244,5,16228
8515322,6,15580
8515358,7,16180
8514675,8,16180
1946726,0,14148
8516405,1,14684
8516521,4,16204
8515943,5,16228
8516006,6,15580
8516419,7,16180
8514675,8,16180
1946726,0,14148
8517405,1,14684
8517521,4,16204
8517333,5,16228
8517394,6,15580
8517481,7,16180
8516675,8,16180
1946726,0,14148
8518405,1,14684
8518521,4,16204
8518024,5,16228
8518084,6,15580
8518539,7,16180
8516675,8,16180
1946726,0,14148
8519405,1,14684
8519521,4,16204
8519424,5,16228
8519486,6,15580
8519388,7,16180
8518675,8,16180
1946726,0,14148
8520405,1,14684
8520521,4,16204
8520124,5,16228
8520184,6,15580
8520448,7,16180
8518675,8,16180
1946726,0,14148
8521405,1,14684
8521521,4,16204
8521524,5,16228
8520886,6,15580
8521509,7,16180
8520675,8,16180
1946726,0,14148
8522405,1,14684
8522521,4,16204
8522223,5,16228
8522286,6,15580
8522358,7,16180
8520675,8,16180
1946726,0,14148
8523405,1,14684
8523521,4,16204
8522913,5,16228
8522973,6,15580
8523419,7,16180
8522675,8,16180
1946726,0,14148
8524405,1,14684
8524521,4,16204
8524304,5,16228
8524366,6,15580
8524481,7,16180
8522675,8,16180
1946726,0,14148
8525405,1,14684
8525521,4,16204
8525004,5,16228
8525082,6,15580
8525540,7,16180
8524675,8,16180
1946726,0,14148
8526405,1,14684
8526521,4,16204
8526404,5,16228
8526464,6,15580
8526388,7,16180
8524675,8,16180
1946726,0,14148
8527405,1,14684
8527521,4,16204
8527104,5,16228
8527164,6,15580
8527449,7,16180
8526675,8,16180
1946726,0,14148
8528405,1,14684
8528521,4,16204
8528503,5,16228
8528565,6,15580
8528510,7,16180
8526675,8,16180
1946726,0,14148
8529405,1,14684
8529521,4,16204
8529193,5,16228
8529253,6,15580
8529358,7,16180
8528675,8,16180
1946726,0,14148
8530405,1,14684
8530521,4,16204
8529884,5,16228
8529942,6,15580
8530419,7,16180
8528675,8,16180
1946726,0,14148
8531405,1,14684
8531521,4,16204
8531284,5,16228
8531374,6,15580
8531481,7,16180
8530675,8,16180
1946726,0,14148
8532405,1,14684
8532521,4,16204
8531984,5,16228
8532044,6,15580
8532540,7,16180
8530675,8,16180
1946726,0,14148
8533405,1,14684
8533521,4,16204
8533384,5,16228
8533446,6,15580
8533387,7,16180
8532675,8,16180
1946726,0,14148
8534405,1,14684
8534521,4,16204
8534083,5,16228
8534144,6,15580
8534447,7,16180
8532675,8,16180
1946726,0,14148
8535405,1,14684
8535521,4,16204
8535473,5,16228
8535533,6,15580
8535507,7,16180
8534675,8,16180
1946726,0,14148
8536405,1,14684
8536521,4,16204
8536165,5,16228
8536226,6,15580
8536355,7,16180
8534675,8,16180
1946726,0,14148
8537405,1,14684
8537521,4,16204
8537524,5,16228
8536924,6,15580
8537415,7,16180
8536675,8,16180
1946726,0,14148
8538405,1,14684
8538521,4,16204
8538193,5,16228
8538255,6,15580
8538474,7,16180
8536675,8,16180
1946726,0,14148
8539405,1,14684
8539521,4,16204
8539523,5,16228
8538914,6,15580
8539533,7,16180
8538675,8,16180
1946726,0,14148
8540405,1,14684
8540521,4,16204
8540184,5,16228
8540278,6,15580
8540381,7,16180
8538675,8,16180
1946726,0,14148
8541405,1,14684
8541565,4,16132
8541504,5,16228
8541565,6,15580
8541441,7,16180
8540675,8,16180
1946726,0,14148
8542405,1,14684
8542565,4,16132
8542165,5,16228
8542226,6,15580
8542502,7,16180
8540675,8,16180
1946726,0,14148
8543405,1,14684
8543565,4,16132
8543484,5,16228
8543544,6,15580
8543562,7,16180
8542675,8,16180
1946726,0,14148
8544405,1,14684
8544565,4,16132
8544144,5,16228
8544206,6,15580
8544412,7,16180
8542675,8,16180
1946726,0,14148
8545405,1,14684
8545565,4,16132
8545464,5,16228
8545525,6,15580
8545471,7,16180
8544675,8,16180
1946726,0,14148
8546405,1,14684
8546565,4,16132
8546124,5,16228
8546185,6,15580
8546533,7,16180
8544675,8,16180
1946726,0,14148
8547405,1,14684
8547565,4,16132
8547444,5,16228
8547504,6,15580
8547381,7,16180
8546675,8,16180
1946726,0,14148
8548405,1,14684
8548565,4,16132
8548104,5,16228
8548198,6,15580
8548441,7,16180
8546675,8,16180
1946726,0,14148
8549405,1,14684
8549565,4,16132
8549424,5,16228
8549486,6,15580
8549500,7,16180
8548675,8,16180
1946726,0,14148
8550405,1,14684
8550565,4,16132
8550084,5,16228
8550146,6,15580
8550560,7,16180
8548675,8,16180
1946726,0,14148
8551405,1,14684
8551565,4,16132
8551404,5,16228
8551466,6,15580
8551411,7,16180
8550675,8,16180
1946726,0,14148
8552405,1,14684
8552565,4,16132
8552064,5,16228
8552128,6,15580
8552472,7,16180
8550675,8,16180
1946726,0,14148
8553405,1,14684
8553565,4,16132
8553384,5,16228
8553442,6,15580
8553533,7,16180
8552675,8,16180
1946726,0,14148
8554405,1,14684
8554565,4,16132
8554044,5,16228
8554104,6,15580
8554381,7,16180
8552675,8,16180
1946726,0,14148
8555405,1,14684
8555565,4,16132
8555404,5,16228
8555462,6,15580
8555440,7,16180
8554675,8,16180
1946726,0,14148
8556405,1,14684
8556565,4,16132
8556093,5,16228
8556188,6,15580
8556500,7,16180
8554675,8,16180
1946726,0,14148
8557405,1,14684
8557565,4,16132
8557464,5,16228
8557522,6,15580
8557560,7,16180
8556675,8,16180
1946726,0,14148
8558405,1,14684
8558565,4,16132
8558144,5,16228
8558204,6,15580
8558409,7,16180
8556675,8,16180
1946726,0,14148
8559405,1,14684
8559565,4,16132
8559513,5,16228
8558882,6,15580
8559466,7,16180
8558675,8,16180
1946726,0,14148
8560405,1,14684
8560565,4,16132
8560200,5,16228
8560262,6,15580
8560527,7,16180
8558675,8,16180
1946726,0,14148
8561405,1,14684
8561565,4,16132
8561565,5,16228
8560944,6,15580
8561373,7,16180
8560675,8,16180
1946726,0,14148
8562405,1,14684
8562565,4,16132
8562244,5,16228
8562304,6,15580
8562434,7,16180
8560675,8,16180
1946726,0,14148
8563405,1,14684
8563565,4,16132
8562924,5,16228
8562985,6,15580
8563494,7,16180
8562675,8,16180
1946726,0,14148
8564405,1,14684
8564565,4,16132
8564304,5,16228
8564398,6,15580
8564554,7,16180
8562675,8,16180
1946726,0,14148
8565405,1,14684
8565565,4,16132
8564984,5,16228
8565044,6,15580
8565402,7,16180
8564675,8,16180
1946726,0,14148
8566405,1,14684
8566565,4,16132
8566353,5,16228
8566414,6,15580
8566460,7,16180
8564675,8,16180
1946726,0,14148
8567405,1,14684
8567565,4,16132
8567033,5,16228
8567095,6,15580
8567519,7,16180
8566675,8,16180
1946726,0,14148
8568405,1,14684
8568565,4,16132
8568404,5,16228
8568486,6,15580
8568367,7,16180
8566675,8,16180
1946726,0,14148
8569405,1,14684
8569565,4,16132
8569084,5,16228
8569148,6,15580
8569429,7,16180
8568675,8,16180
1946726,0,14148
8570405,1,14684
8570565,4,16132
8570453,5,16228
8570513,6,15580
8570490,7,16180
8568675,8,16180
1946726,0,14148
8571405,1,14684
8571565,4,16132
8571143,5,16228
8571204,6,15580
8571550,7,16180
8570675,8,16180
1946726,0,14148
8572405,1,14684
8572565,4,16132
8572504,5,16228
8571886,6,15580
8572397,7,16180
8570675,8,16180
1946726,0,14148
8573405,1,14684
8573565,4,16132
8573184,5,16228
8573246,6,15580
8573454,7,16180
8572675,8,16180
1946726,0,14148
8574405,1,14684
8574565,4,16132
8574563,5,16228
8573925,6,15580
8574513,7,16180
8572675,8,16180
1946726,0,14148
8575405,1,14684
8575565,4,16132
8575243,5,16228
8575304,6,15580
8575360,7,16180
8574675,8,16180
1946726,0,14148
8576405,1,14684
8576565,4,16132
8575924,5,16228
8575982,6,15580
8576420,7,16180
8574675,8,16180
1946726,0,14148
8577405,1,14684
8577565,4,16132
8577293,5,16228
8577350,6,15580
8577480,7,16180
8576675,8,16180
1946726,0,14148
8578405,1,14684
8578565,4,16132
8577973,5,16228
8578038,6,15580
8578540,7,16180
8576675,8,16180
1946726,0,14148
8579405,1,14684
8579565,4,16132
8579344,5,16228
8579408,6,15580
8579387,7,16180
8578675,8,16180
1946726,0,14148
8580405,1,14684
8580565,4,16132
8580024,5,16228
8580086,6,15580
8580447,7,16180
8578675,8,16180
1946726,0,14148
8581405,1,14684
8581565,4,16132
8581401,5,16228
8581464,6,15580
8581508,7,16180
8580675,8,16180
1946726,0,14148
8582405,1,14684
8582565,4,16132
8582083,5,16228
8582144,6,15580
8582354,7,16180
8580675,8,16180
1946726,0,14148
8583405,1,14684
8583565,4,16132
8583444,5,16228
8583506,6,15580
8583416,7,16180
8582675,8,16180
1946726,0,14148
8584405,1,14684
8584565,4,16132
8584124,5,16228
8584189,6,15580
8584476,7,16180
8582675,8,16180
1946726,0,14148
8585405,1,14684
8585565,4,16132
8585503,5,16228
8585566,6,15580
8585534,7,16180
8584675,8,16180
1946726,0,14148
8586405,1,14684
8586565,4,16132
8586184,5,16228
8586246,6,15580
8586381,7,16180
8584675,8,16180
1946726,0,14148
8587405,1,14684
8587565,4,16132
8587544,5,16228
8586926,6,15580
8587440,7,16180
8586675,8,16180
1946726,0,14148
8588405,1,14684
8588565,4,16132
8588233,5,16228
8588294,6,15580
8588499,7,16180
8586675,8,16180
1946726,0,14148
8589405,1,14684
8589565,4,16132
8588918,5,16228
8589012,6,15580
8589560,7,16180
8588675,8,16180
1946726,0,14148
8590405,1,14684
8590565,4,16132
8590284,5,16228
8590348,6,15580
8590411,7,16180
8588675,8,16180
1946726,0,14148
8591405,1,14684
8591565,4,16132
8590965,5,16228
8591026,6,15580
8591469,7,16180
8590675,8,16180
1946726,0,14148
8592405,1,14684
8592565,4,16132
8592343,5,16228
8592404,6,15580
8592529,7,16180
8590675,8,16180
1946726,0,14148
8593405,1,14684
8593565,4,16132
8593023,5,16228
8593082,6,15580
8593375,7,16180
8592675,8,16180
1946726,0,14148
8594405,1,14684
8594565,4,16132
8594384,5,16228
8594446,6,15580
8594434,7,16180
8592675,8,16180
1946726,0,14148
8595405,1,14684
8595565,4,16132
8595064,5,16228
8595124,6,15580
8595494,7,16180
8594675,8,16180
1946726,0,14148
8596405,1,14684
8596565,4,16132
8596443,5,16228
8596504,6,15580
8596555,7,16180
8594675,8,16180
1946726,0,14148
8597405,1,14684
8597565,4,16132
8597124,5,16228
8597219,6,15580
8597402,7,16180
8596675,8,16180
1946726,0,14148
8598405,1,14684
8598565,4,16132
8598493,5,16228
8598554,6,15580
8598460,7,16180
8596675,8,16180
1946726,0,14148
8599405,1,14684
8599565,4,16132
8599173,5,16228
8599233,6,15580
8599521,7,16180
8598675,8,16180
1946726,0,14148
8600405,1,14684
8600565,4,16132
8600544,5,16228
8599922,6,15580
8600368,7,16180
8598675,8,16180
1946726,0,14148
8601405,1,14684
8601565,4,16132
8601224,5,16228
8601286,6,15580
8601429,7,16180
8600675,8,16180
1946726,0,14148
8602405,1,14684
8602565,4,16132
8601904,5,16228
8601967,6,15580
8602490,7,16180
8600675,8,16180
1946726,0,14148
8603405,1,14684
8603565,4,16132
8603283,5,16228
8603344,6,15580
8603549,7,16180
8602675,8,16180
1946726,0,14148
8604405,1,14684
8604565,4,16132
8603965,5,16228
8604022,6,15580
8604396,7,16180
8602675,8,16180
1946726,0,14148
8605405,1,14684
8605565,4,16132
8605324,5,16228
8605418,6,15580
8605454,7,16180
8604675,8,16180
1946726,0,14148
8606406,1,14684
8606567,4,16132
8606004,5,16228
8606068,6,15580
8606514,7,16180
8604675,8,16180
1946726,0,14148
8607406,1,14684
8607567,4,16132
8607383,5,16228
8607444,6,15580
8607361,7,16180
8606675,8,16180
1946726,0,14148
8608406,1,14684
8608567,4,16132
8608064,5,16228
8608124,6,15580
8608424,7,16180
8606675,8,16180
1946726,0,14148
8609406,1,14684
8609567,4,16132
8609424,5,16228
8609493,6,15580
8609482,7,16180
8608675,8,16180
1946726,0,14148
8610406,1,14684
8610567,4,16132
8610113,5,16228
8610173,6,15580
8610542,7,16180
8608675,8,16180
1946726,0,14148
8611406,1,14684
8611567,4,16132
8611484,5,16228
8611544,6,15580
8611390,7,16180
8610675,8,16180
1946726,0,14148
8612406,1,14684
8612567,4,16132
8612165,5,16228
8612226,6,15580
8612449,7,16180
8610675,8,16180
1946726,0,14148
8613406,1,14684
8613567,4,16132
8613533,5,16228
8612926,6,15580
8613510,7,16180
8612675,8,16180
1946726,0,14148
8614406,1,14684
8614567,4,16132
8614223,5,16228
8614284,6,15580
8614357,7,16180
8612675,8,16180
1946726,0,14148
8615406,1,14684
8615567,4,16132
8614903,5,16228
8614966,6,15580
8615416,7,16180
8614675,8,16180
1946726,0,14148
8616406,1,14684
8616567,4,16132
8616264,5,16228
8616326,6,15580
8616476,7,16180
8614675,8,16180
1946726,0,14148
8617406,1,14684
8617567,4,16132
8616953,5,16228
8617011,6,15580
8617535,7,16180
8616675,8,16180
1946726,0,14148
8618406,1,14684
8618567,4,16132
8618324,5,16228
8618384,6,15580
8618381,7,16180
8616675,8,16180
1946726,0,14148
8619406,1,14684
8619567,4,16132
8619004,5,16228
8619066,6,15580
8619441,7,16180
8618675,8,16180
1946726,0,14148
8620406,1,14684
8620567,4,16132
8620365,5,16228
8620426,6,15580
8620502,7,16180
8618675,8,16180
1946726,0,14148
8621406,1,14684
8621567,4,16132
8621053,5,16228
8621145,6,15580
8621561,7,16180
8620675,8,16180
1946726,0,14148
8622406,1,14684
8622567,4,16132
8622424,5,16228
8622478,6,15580
8622410,7,16180
8620675,8,16180
1946726,0,14148
8623406,1,14684
8623567,4,16132
8623104,5,16228
8623162,6,15580
8623470,7,16180
8622675,8,16180
1946726,0,14148
8624406,1,14684
8624567,4,16132
8624478,5,16228
8624538,6,15580
8624529,7,16180
8622675,8,16180
1946726,0,14148
8625406,1,14684
8625567,4,16132
8625163,5,16228
8625226,6,15580
8625376,7,16180
8624675,8,16180
1946726,0,14148
8626406,1,14684
8626567,4,16132
8626524,5,16228
8625904,6,15580
8626436,7,16180
8624675,8,16180
1946726,0,14148
8627406,1,14684
8627567,4,16132
8627204,5,16228
8627266,6,15580
8627495,7,16180
8626675,8,16180
1946726,0,14148
8628406,1,14684
8628567,4,16132
8627893,5,16228
8627955,6,15580
8628555,7,16180
8626675,8,16180
1946726,0,14148
8629406,1,14684
8629567,4,16132
8629264,5,16228
8629324,6,15580
8629405,7,16180
8628675,8,16180
1946726,0,14148
8630406,1,14684
8630567,4,16132
8629944,5,16228
8630040,6,15580
8630461,7,16180
8628675,8,16180
1946726,0,14148
8631406,1,14684
8631567,4,16132
8631313,5,16228
8631376,6,15580
8631523,7,16180
8630675,8,16180
1946726,0,14148
8632406,1,14684
8632567,4,16132
8631998,5,16228
8632062,6,15580
8632371,7,16180
8630675,8,16180
1946726,0,14148
8633406,1,14684
8633567,4,16132
8633365,5,16228
8633424,6,15580
8633431,7,16180
8632675,8,16180
1946726,0,14148
8634406,1,14684
8634567,4,16132
8634044,5,16228
8634102,6,15580
8634491,7,16180
8632675,8,16180
1946726,0,14148
8635406,1,14684
8635567,4,16132
8635418,5,16228
8635479,6,15580
8635552,7,16180
8634675,8,16180
1946726,0,14148
8636406,1,14684
8636567,4,16132
8636103,5,16228
8636166,6,15580
8636399,7,16180
8634675,8,16180
1946726,0,14148
8637406,1,14684
8637567,4,16132
8637464,5,16228
8637522,6,15580
8637457,7,16180
8636675,8,16180
1946726,0,14148
8638406,1,14684
8638567,4,16132
8638144,5,16228
8638238,6,15580
8638517,7,16180
8636675,8,16180
1946726,0,14148
8639406,1,14684
8639567,4,16132
8639523,5,16228
8638895,6,15580
8639365,7,16180
8638675,8,16180
1946726,0,14148
8640406,1,14684
8640567,4,16132
8640204,5,16228
8640262,6,15580
8640427,7,16180
8638675,8,16180
1946726,0,14148
8641406,1,14684
8641567,4,16132
8641565,5,16228
8640944,6,15580
8641488,7,16180
8640675,8,16180
1946726,0,14148
8642406,1,14684
8642567,4,16132
8642253,5,16228
8642316,6,15580
8642547,7,16180
8640675,8,16180
1946726,0,14148
8643406,1,14684
8643567,4,16132
8642938,5,16228
8643000,6,15580
8643394,7,16180
8642675,8,16180
1946726,0,14148
8644406,1,14684
8644567,4,16132
8644304,5,16228
8644367,6,15580
8644454,7,16180
8642675,8,16180
1946726,0,14148
8645406,1,14684
8645567,4,16132
8644984,5,16228
8645044,6,15580
8645513,7,16180
8644675,8,16180
1946726,0,14148
8646406,1,14684
8646567,4,16132
8646363,5,16228
8646457,6,15580
8646359,7,16180
8644675,8,16180
1946726,0,14148
8647406,1,14684
8647567,4,16132
8647043,5,16228
8647106,6,15580
8647421,7,16180
8646675,8,16180
1946726,0,14148
8648406,1,14684
8648567,4,16132
8648404,5,16228
8648465,6,15580
8648480,7,16180
8646675,8,16180
1946726,0,14148
8649406,1,14684
8649567,4,16132
8649093,5,16228
8649155,6,15580
8649540,7,16180
8648675,8,16180
1946726,0,14148
8650406,1,14684
8650567,4,16132
8650464,5,16228
8650526,6,15580
8650388,7,16180
8648675,8,16180
1946726,0,14148
8651406,1,14684
8651567,4,16132
8651144,5,16228
8651206,6,15580
8651447,7,16180
8650675,8,16180
1946726,0,14148
8652406,1,14684
8652567,4,16132
8652513,5,16228
8651882,6,15580
8652507,7,16180
8650675,8,16180
1946726,0,14148
8653406,1,14684
8653567,4,16132
8653203,5,16228
8653264,6,15580
8653355,7,16180
8652675,8,16180
1946726,0,14148
8654406,1,14684
8654567,4,16132
8654565,5,16228
8653948,6,15580
8654415,7,16180
8652675,8,16180
1946726,0,14148
8655406,1,14684
8655567,4,16132
8655253,5,16228
8655313,6,15580
8655474,7,16180
8654675,8,16180
1946726,0,14148
8656406,1,14684
8656567,4,16132
8655933,5,16228
8655993,6,15580
8656534,7,16180
8654675,8,16180
1946726,0,14148
8657406,1,14684
8657567,4,16132
8657304,5,16228
8657365,6,15580
8657380,7,16180
8656675,8,16180
1946726,0,14148
8658406,1,14684
8658567,4,16132
8657984,5,16228
8658044,6,15580
8658439,7,16180
8656675,8,16180
1946726,0,14148
8659406,1,14684
8659567,4,16132
8659353,5,16228
8659414,6,15580
8659500,7,16180
8658675,8,16180
1946726,0,14148
8660406,1,14684
8660567,4,16132
8660039,5,16228
8660100,6,15580
8660559,7,16180
8658675,8,16180
1946726,0,14148
8661406,1,14684
8661567,4,16132
8661404,5,16228
8661468,6,15580
8661408,7,16180
8660675,8,16180
1946726,0,14148
8662406,1,14684
8662567,4,16132
8662084,5,16228
8662144,6,15580
8662466,7,16180
8660675,8,16180
1946726,0,14148
8663406,1,14684
8663567,4,16132
8663463,5,16228
8663518,6,15580
8663525,7,16180
8662675,8,16180
1946726,0,14148
8664406,1,14684
8664567,4,16132
8664144,5,16228
8664204,6,15580
8664372,7,16180
8662675,8,16180
1946726,0,14148
8665406,1,14684
8665567,4,16132
8665504,5,16228
8665566,6,15580
8665432,7,16180
8664675,8,16180
1946726,0,14148
8666406,1,14684
8666567,4,16132
8666193,5,16228
8666254,6,15580
8666492,7,16180
8664675,8,16180
1946726,0,14148
8667406,1,14684
8667567,4,16132
8667565,5,16228
8666940,6,15580
8667552,7,16180
8666675,8,16180
1946726,0,14148
8668406,1,14684
8668567,4,16132
8668244,5,16228
8668302,6,15580
8668402,7,16180
8666675,8,16180
1946726,0,14148
8669406,1,14684
8669567,4,16132
8668924,5,16228
8668981,6,15580
8669460,7,16180
8668675,8,16180
1946726,0,14148
8670406,1,14684
8670567,4,16132
8670303,5,16228
8670366,6,15580
8670520,7,16180
8668675,8,16180
1946726,0,14148
8671406,1,14684
8671567,4,16132
8670983,5,16228
8671078,6,15580
8671368,7,16180
8670675,8,16180
1946726,0,14148
8672406,1,14684
8672567,4,16132
8672344,5,16228
8672406,6,15580
8672428,7,16180
8670675,8,16180
1946726,0,14148
8673406,1,14684
8673567,4,16132
8673033,5,16228
8673095,6,15580
8673490,7,16180
8672675,8,16180
1946726,0,14148
8674406,1,14684
8674567,4,16132
8674404,5,16228
8674462,6,15580
8674552,7,16180
8672675,8,16180
1946726,0,14148
8675406,1,14684
8675567,4,16132
8675084,5,16228
8675144,6,15580
8675401,7,16180
8674675,8,16180
1946726,0,14148
8676406,1,14684
8676567,4,16132
8676453,5,16228
8676516,6,15580
8676459,7,16180
8674675,8,16180
1946726,0,14148
8677406,1,14684
8677567,4,16132
8677138,5,16228
8677202,6,15580
8677522,7,16180
8676675,8,16180
1946726,0,14148
8678406,1,14684
8678567,4,16132
8678504,5,16228
8677886,6,15580
8678370,7,16180
8676675,8,16180
1946726,0,14148
8679406,1,14684
8679567,4,16132
8679184,5,16228
8679278,6,15580
8679430,7,16180
8678675,8,16180
1946726,0,14148
8680406,1,14684
8680567,4,16132
8680563,5,16228
8679924,6,15580
8680492,7,16180
8678675,8,16180
1946726,0,14148
8681406,1,14684
8681567,4,16132
8681243,5,16228
8681306,6,15580
8681552,7,16180
8680675,8,16180
1946726,0,14148
8682406,1,14684
8682567,4,16132
8681924,5,16228
8681988,6,15580
8682401,7,16180
8680675,8,16180
1946726,0,14148
8683406,1,14684
8683567,4,16132
8683284,5,16228
8683346,6,15580
8683460,7,16180
8682675,8,16180
1946726,0,14148
8684406,1,14684
8684567,4,16132
8683973,5,16228
8684035,6,15580
8684521,7,16180
8682675,8,16180
1946726,0,14148
8685406,1,14684
8685567,4,16132
8685344,5,16228
8685402,6,15580
8685368,7,16180
8684675,8,16180
1946726,0,14148
8686406,1,14684
8686567,4,16132
8686024,5,16228
8686088,6,15580
8686429,7,16180
8684675,8,16180
1946726,0,14148
8687406,1,14684
8687567,4,16132
8687393,5,16228
8687488,6,15580
8687491,7,16180
8686675,8,16180
1946726,0,14148
8688406,1,14684
8688567,4,16132
8688083,5,16228
8688148,6,15580
8688550,7,16180
8686675,8,16180
1946726,0,14148
8689406,1,14684
8689567,4,16132
8689444,5,16228
8689506,6,15580
8689399,7,16180
8688675,8,16180
1946726,0,14148
8690406,1,14684
8690567,4,16132
8690124,5,16228
8690188,6,15580
8690459,7,16180
8688675,8,16180
1946726,0,14148
8691406,1,14684
8691567,4,16132
8691503,5,16228
8691562,6,15580
8691520,7,16180
8690675,8,16180
1946726,0,14148
8692406,1,14684
8692567,4,16132
8692184,5,16228
8692246,6,15580
8692369,7,16180
8690675,8,16180
1946726,0,14148
8693406,1,14684
8693567,4,16132
8693544,5,16228
8692926,6,15580
8693429,7,16180
8692675,8,16180
1946726,0,14148
8694406,1,14684
8694567,4,16132
8694233,5,16228
8694296,6,15580
8694490,7,16180
8692675,8,16180
1946726,0,14148
8695406,1,14684
8695567,4,16132
8694918,5,16228
8694977,6,15580
8695550,7,16180
8694675,8,16180
1946726,0,14148
8696406,1,14684
8696567,4,16132
8696284,5,16228
8696344,6,15580
8696398,7,16180
8694675,8,16180
1946726,0,14148
8697406,1,14684
8697567,4,16132
8696965,5,16228
8697024,6,15580
8697455,7,16180
8696675,8,16180
1946726,0,14148
8698406,1,14684
8698567,4,16132
8698339,5,16228
8698400,6,15580
8698516,7,16180
8696675,8,16180
1946726,0,14148
8699406,1,14684
8699567,4,16132
8699023,5,16228
8699086,6,15580
8699364,7,16180
8698675,8,16180
1946726,0,14148
8700406,1,14684
8700567,4,16132
8700384,5,16228
8700448,6,15580
8700426,7,16180
8698675,8,16180
1946726,0,14148
8701406,1,14684
8701567,4,16132
8701064,5,16228
8701146,6,15580
8701489,7,16180
8700675,8,16180
1946726,0,14148
8702406,1,14684
8702567,4,16132
8702443,5,16228
8702504,6,15580
8702549,7,16180
8700675,8,16180
1946726,0,14148
8703406,1,14684
8703567,4,16132
8703124,5,16228
8703185,6,15580
8703396,7,16180
8702675,8,16180
1946726,0,14148
8704406,1,14684
8704567,4,16132
8704493,5,16228
8704556,6,15580
8704454,7,16180
8702675,8,16180
1946726,0,14148
8705406,1,14684
8705567,4,16132
8705173,5,16228
8705234,6,15580
8705517,7,16180
8704675,8,16180
1946726,0,14148
8706406,1,14684
8706567,4,16132
8706544,5,16228
8705924,6,15580
8706365,7,16180
8704675,8,16180
1946726,0,14148
8707406,1,14684
8707567,4,16132
8707224,5,16228
8707286,6,15580
8707427,7,16180
8706675,8,16180
1946726,0,14148
8708406,1,14684
8708567,4,16132
8707904,5,16228
8707964,6,15580
8708490,7,16180
8706675,8,16180
1946726,0,14148
8709406,1,14684
8709567,4,16132
8709283,5,16228
8709346,6,15580
8709549,7,16180
8708675,8,16180
1946726,0,14148
8710406,1,14684
8710567,4,16132
8709965,5,16228
8710022,6,15580
8710397,7,16180
8708675,8,16180
1946726,0,14148
8711406,1,14684
8711567,4,16132
8711324,5,16228
8711385,6,15580
8711455,7,16180
8710675,8,16180
1946726,0,14148
8712406,1,14684
8712567,4,16132
8712004,5,16228
8712077,6,15580
8712515,7,16180
8710675,8,16180
1946726,0,14148
8713406,1,14684
8713567,4,16132
8713384,5,16228
8713444,6,15580
8713362,7,16180
8712675,8,16180
1946726,0,14148
8714406,1,14684
8714567,4,16132
8714064,5,16228
8714126,6,15580
8714427,7,16180
8712675,8,16180
1946726,0,14148
8715406,1,14684
8715567,4,16132
8715433,5,16228
8715490,6,15580
8715489,7,16180
8714675,8,16180
1946726,0,14148
8716406,1,14684
8716567,4,16132
8716119,5,16228
8716176,6,15580
8716550,7,16180
8714675,8,16180
1946726,0,14148
8717406,1,14684
8717567,4,16132
8717484,5,16228
8717544,6,15580
8717399,7,16180
8716675,8,16180
1946726,0,14148
8718406,1,14684
8718567,4,16132
8718165,5,16228
8718224,6,15580
8718458,7,16180
8716675,8,16180
1946726,0,14148
8719406,1,14684
8719567,4,16132
8719543,5,16228
8718906,6,15580
8719520,7,16180
8718675,8,16180
1946726,0,14148
8720406,1,14684
8720567,4,16132
8720223,5,16228
8720318,6,15580
8720369,7,16180
8718675,8,16180
1946726,0,14148
8721406,1,14684
8721567,4,16132
8720904,5,16228
8720964,6,15580
8721429,7,16180
8720675,8,16180
1946726,0,14148
8722406,1,14684
8722567,4,16132
8722273,5,16228
8722335,6,15580
8722492,7,16180
8720675,8,16180
1946726,0,14148
8723406,1,14684
8723567,4,16132
8722958,5,16228
8723018,6,15580
8723552,7,16180
8722675,8,16180
1946726,0,14148
8724406,1,14684
8724567,4,16132
8724324,5,16228
8724394,6,15580
8724401,7,16180
8722675,8,16180
1946726,0,14148
8725406,1,14684
8725567,4,16132
8725004,5,16228
8725066,6,15580
8725460,7,16180
8724675,8,16180
1946726,0,14148
8726406,1,14684
8726567,4,16132
8726378,5,16228
8726435,6,15580
8726522,7,16180
8724675,8,16180
1946726,0,14148
8727406,1,14684
8727567,4,16132
8727063,5,16228
8727124,6,15580
8727369,7,16180
8726675,8,16180
1946726,0,14148
8728406,1,14684
8728567,4,16132
8728424,5,16228
8728520,6,15580
8728428,7,16180
8726675,8,16180
1946726,0,14148
8729406,1,14684
8729567,4,16132
8729104,5,16228
8729167,6,15580
8729492,7,16180
8728675,8,16180
1946726,0,14148
8730406,1,14684
8730567,4,16132
8730484,5,16228
8730546,6,15580
8730552,7,16180
8728675,8,16180
1946726,0,14148
8731406,1,14684
8731567,4,16132
8731165,5,16228
8731224,6,15580
8731400,7,16180
8730675,8,16180
1946726,0,14148
8732406,1,14684
8732567,4,16132
8732524,5,16228
8731902,6,15580
8732459,7,16180
8730675,8,16180
1946726,0,14148
8733406,1,14684
8733567,4,16132
8733213,5,16228
8733276,6,15580
8733521,7,16180
8732675,8,16180
1946726,0,14148
8734406,1,14684
8734567,4,16132
8733900,5,16228
8733962,6,15580
8734368,7,16180
8732675,8,16180
1946726,0,14148
8735406,1,14684
8735567,4,16132
8735264,5,16228
8735324,6,15580
8735430,7,16180
8734675,8,16180
1946726,0,14148
8736406,1,14684
8736567,4,16132
8735944,5,16228
8736006,6,15580
8736492,7,16180
8734675,8,16180
1946726,0,14148
8737406,1,14684
8737567,4,16132
8737323,5,16228
8737384,6,15580
8737552,7,16180
8736675,8,16180
1946726,0,14148
8738406,1,14684
8738567,4,16132
8738003,5,16228
8738062,6,15580
8738401,7,16180
8736675,8,16180
1946726,0,14148
8739406,1,14684
8739567,4,16132
8739365,5,16228
8739426,6,15580
8739459,7,16180
8738675,8,16180
1946726,0,14148
8740406,1,14684
8740567,4,16132
8740053,5,16228
8740116,6,15580
8740520,7,16180
8738675,8,16180
1946726,0,14148
8741406,1,14684
8741567,4,16132
8741424,5,16228
8741484,6,15580
8741369,7,16180
8740675,8,16180
1946726,0,14148
8742406,1,14684
8742567,4,16132
8742104,5,16228
8742164,6,15580
8742431,7,16180
8740675,8,16180
1946726,0,14148
8743406,1,14684
8743567,4,16132
8743473,5,16228
8743534,6,15580
8743492,7,16180
8742675,8,16180
1946726,0,14148
8744406,1,14684
8744567,4,16132
8744159,5,16228
8744220,6,15580
8744553,7,16180
8742675,8,16180
1946726,0,14148
8745406,1,14684
8745567,4,16132
8745524,5,16228
8744958,6,15580
8745401,7,16180
8744675,8,16180
1946726,0,14148
8746406,1,14684
8746567,4,16132
8746204,5,16228
8746264,6,15580
8746459,7,16180
8744675,8,16180
1946726,0,14148
8747406,1,14684
8747567,4,16132
8746884,5,16228
8746944,6,15580
8747521,7,16180
8746675,8,16180
1946726,0,14148
8748406,1,14684
8748567,4,16132
8748263,5,16228
8748324,6,15580
8748369,7,16180
8746675,8,16180
1946726,0,14148
8749406,1,14684
8749567,4,16132
8748944,5,16228
8749006,6,15580
8749429,7,16180
8748675,8,16180
1946726,0,14148
8750406,1,14684
8750567,4,16132
8750304,5,16228
8750367,6,15580
8750492,7,16180
8748675,8,16180
1946726,0,14148
8751406,1,14684
8751567,4,16132
8750993,5,16228
8751052,6,15580
8751552,7,16180
8750675,8,16180
1946726,0,14148
8752406,1,14684
8752567,4,16132
8752365,5,16228
8752424,6,15580
8752400,7,16180
8750675,8,16180
1946726,0,14148
8753406,1,14684
8753567,4,16132
8753044,5,16228
8753138,6,15580
8753460,7,16180
8752675,8,16180
1946726,0,14148
8754406,1,14684
8754567,4,16132
8754413,5,16228
8754476,6,15580
8754522,7,16180
8752675,8,16180
1946726,0,14148
8755406,1,14684
8755567,4,16132
8755100,5,16228
8755160,6,15580
8755369,7,16180
8754675,8,16180
1946726,0,14148
8756406,1,14684
8756567,4,16132
8756464,5,16228
8756526,6,15580
8756429,7,16180
8754675,8,16180
1946726,0,14148
8757406,1,14684
8757567,4,16132
8757144,5,16228
8757206,6,15580
8757491,7,16180
8756675,8,16180
1946726,0,14148
8758406,1,14684
8758567,4,16132
8758519,5,16228
8757886,6,15580
8758550,7,16180
8756675,8,16180
1946726,0,14148
8759406,1,14684
8759567,4,16132
8759203,5,16228
8759268,6,15580
8759399,7,16180
8758675,8,16180
1946726,0,14148
8760406,1,14684
8760567,4,16132
8760565,5,16228
8759944,6,15580
8760457,7,16180
8758675,8,16180
1946726,0,14148
8761406,1,14684
8761567,4,16132
8761244,5,16228
8760640,6,15580
8761518,7,16180
8760675,8,16180
1946726,0,14148
8762406,1,14684
8762567,4,16132
8761933,5,16228
8760640,6,15580
8762365,7,16180
8760675,8,16180
1946726,0,14148
8763406,1,14684
8763567,4,16132
8763304,5,16228
8763367,6,15580
8763429,7,16180
8762675,8,16180
1946726,0,14148
8764406,1,14684
8764567,4,16132
8763984,5,16228
8764044,6,15580
8764490,7,16180
8762675,8,16180
1946726,0,14148
8765406,1,14684
8765567,4,16132
8765353,5,16228
8765416,6,15580
8765551,7,16180
8764675,8,16180
1946726,0,14148
8766406,1,14684
8766567,4,16132
8766043,5,16228
8766102,6,15580
8766400,7,16180
8764675,8,16180
1946726,0,14148
8767406,1,14684
8767567,4,16132
8767404,5,16228
8767464,6,15580
8767458,7,16180
8766675,8,16180
1946726,0,14148
8768406,1,14684
8768567,4,16132
8768084,5,16228
8768146,6,15580
8768520,7,16180
8766675,8,16180
1946726,0,14148
8769406,1,14684
8769567,4,16132
8769463,5,16228
8769558,6,15580
8769369,7,16180
8768675,8,16180
1946726,0,14148
8770406,1,14684
8770567,4,16132
8770144,5,16228
8770204,6,15580
8770430,7,16180
8768675,8,16180
1946726,0,14148
8771406,1,14684
8771567,4,16132
8771504,5,16228
8771567,6,15580
8771492,7,16180
8770675,8,16180
1946726,0,14148
8772406,1,14684
8772567,4,16132
8772193,5,16228
8772253,6,15580
8772553,7,16180
8770675,8,16180
1946726,0,14148
8773406,1,14684
8773567,4,16132
8773565,5,16228
8772939,6,15580
8773401,7,16180
8772675,8,16180
1946726,0,14148
8774406,1,14684
8774567,4,16132
8774244,5,16228
8774306,6,15580
8774460,7,16180
8772675,8,16180
1946726,0,14148
8775406,1,14684
8775567,4,16132
8774924,5,16228
8774988,6,15580
8775522,7,16180
8774675,8,16180
1946726,0,14148
8776406,1,14684
8776567,4,16132
8776300,5,16228
8776362,6,15580
8776370,7,16180
8774675,8,16180
1946726,0,14148
8777406,1,14684
8777567,4,16132
8776983,5,16228
8777044,6,15580
8777431,7,16180
8776675,8,16180
1946726,0,14148
8778406,1,14684
8778567,4,16132
8778344,5,16228
8778402,6,15580
8778495,7,16180
8776675,8,16180
1946726,0,14148
8779406,1,14684
8779567,4,16132
8779024,5,16228
8779088,6,15580
8779555,7,16180
8778675,8,16180
1946726,0,14148
8780406,1,14684
8780567,4,16132
8780403,5,16228
8780464,6,15580
8780405,7,16180
8778675,8,16180
1946726,0,14148
8781406,1,14684
8781567,4,16132
8781084,5,16228
8781148,6,15580
8781465,7,16180
8780675,8,16180
1946726,0,14148
8782406,1,14684
8782567,4,16132
8782444,5,16228
8782506,6,15580
8782526,7,16180
8780675,8,16180
1946726,0,14148
8783406,1,14684
8783567,4,16132
8783133,5,16228
8783196,6,15580
8783373,7,16180
8782675,8,16180
1946726,0,14148
8784406,1,14684
8784567,4,16132
8784504,5,16228
8784562,6,15580
8784435,7,16180
8782675,8,16180
1946726,0,14148
8785406,1,14684
8785567,4,16132
8785184,5,16228
8785248,6,15580
8785495,7,16180
8784675,8,16180
1946726,0,14148
8786406,1,14684
8786567,4,16132
8786558,5,16228
8785926,6,15580
8786555,7,16180
8784675,8,16180
1946726,0,14148
8787406,1,14684
8787567,4,16132
8787243,5,16228
8787304,6,15580
8787407,7,16180
8786675,8,16180
1946726,0,14148
8788406,1,14684
8788567,4,16132
8787923,5,16228
8787984,6,15580
8788465,7,16180
8786675,8,16180
1946726,0,14148
8789406,1,14684
8789567,4,16132
8789284,5,16228
8789366,6,15580
8789527,7,16180
8788675,8,16180
1946726,0,14148
8790406,1,14684
8790567,4,16132
8789965,5,16228
8790026,6,15580
8790374,7,16180
8788675,8,16180
1946726,0,14148
8791406,1,14684
8791567,4,16132
8791344,5,16228
8791402,6,15580
8791435,7,16180
8790675,8,16180
1946726,0,14148
8792406,1,14684
8792567,4,16132
8792024,5,16228
8792084,6,15580
8792495,7,16180
8790675,8,16180
1946726,0,14148
8793406,1,14684
8793567,4,16132
8793393,5,16228
8793453,6,15580
8793557,7,16180
8792675,8,16180
1946726,0,14148
8794406,1,14684
8794567,4,16132
8794073,5,16228
8794166,6,15580
8794407,7,16180
8792675,8,16180
1946726,0,14148
8795406,1,14684
8795567,4,16132
8795444,5,16228
8795502,6,15580
8795465,7,16180
8794675,8,16180
1946726,0,14148
8796406,1,14684
8796567,4,16132
8796124,5,16228
8796184,6,15580
8796527,7,16180
8794675,8,16180
1946726,0,14148
8797406,1,14684
8797567,4,16132
8797500,5,16228
8797562,6,15580
8797374,7,16180
8796675,8,16180
1946726,0,14148
8798406,1,14684
8798567,4,16132
8798183,5,16228
8798244,6,15580
8798433,7,16180
8796675,8,16180
1946726,0,14148
8799406,1,14684
8799567,4,16132
8799544,5,16228
8798926,6,15580
8799495,7,16180
8798675,8,16180
1946726,0,14148
8800406,1,14684
8800567,4,16132
8800224,5,16228
8800288,6,15580
8800557,7,16180
8798675,8,16180
1946726,0,14148
8801406,1,14684
8801567,4,16132
8800913,5,16228
8800974,6,15580
8801407,7,16180
8800675,8,16180
1946726,0,14148
8802406,1,14684
8802567,4,16132
8802284,5,16228
8802379,6,15580
8802466,7,16180
8800675,8,16180
1946726,0,14148
8803406,1,14684
8803567,4,16132
8802965,5,16228
8803026,6,15580
8803527,7,16180
8802675,8,16180
1946726,0,14148
8804406,1,14684
8804567,4,16132
8804333,5,16228
8804395,6,15580
8804373,7,16180
8802675,8,16180
1946726,0,14148
8805406,1,14684
8805567,4,16132
8805018,5,16228
8805080,6,15580
8805435,7,16180
8804675,8,16180
1946726,0,14148
8806406,1,14684
8806567,4,16132
8806384,5,16228
8806444,6,15580
8806496,7,16180
8804675,8,16180
1946726,0,14148
8807406,1,14684
8807567,4,16132
8807064,5,16228
8807122,6,15580
8807556,7,16180
8806675,8,16180
1946726,0,14148
8808406,1,14684
8808567,4,16132
8808443,5,16228
8808500,6,15580
8808406,7,16180
8806675,8,16180
1946726,0,14148
8809406,1,14684
8809567,4,16132
8809124,5,16228
8809184,6,15580
8809466,7,16180
8808675,8,16180
1946726,0,14148
8810406,1,14684
8810567,4,16132
8810484,5,16228
8809864,6,15580
8810527,7,16180
8808675,8,16180
1946726,0,14148
8811406,1,14684
8811567,4,16132
8811165,5,16228
8811226,6,15580
8811374,7,16180
8810675,8,16180
1946726,0,14148
8812406,1,14684
8812567,4,16132
8812544,5,16228
8811916,6,15580
8812435,7,16180
8810675,8,16180
1946726,0,14148
8813406,1,14684
8813567,4,16132
8813224,5,16228
8813284,6,15580
8813495,7,16180
8812675,8,16180
1946726,0,14148
8814406,1,14684
8814567,4,16132
8813904,5,16228
8813966,6,15580
8814556,7,16180
8812675,8,16180
1946726,0,14148
8815406,1,14684
8815567,4,16132
8815278,5,16228
8815340,6,15580
8815407,7,16180
8814675,8,16180
1946726,0,14148
8816406,1,14684
8816567,4,16132
8815963,5,16228
8816026,6,15580
8816465,7,16180
8814675,8,16180
1946726,0,14148
8817406,1,14684
8817567,4,16132
8817324,5,16228
8817388,6,15580
8817528,7,16180
8816675,8,16180
1946726,0,14148
8818406,1,14684
8818567,4,16132
8818004,5,16228
8818066,6,15580
8818375,7,16180
8816675,8,16180
1946726,0,14148
8819406,1,14684
8819567,4,16132
8819383,5,16228
8819474,6,15580
8819436,7,16180
8818675,8,16180
1946726,0,14148
8820406,1,14684
8820567,4,16132
8820064,5,16228
8820126,6,15580
8820497,7,16180
8818675,8,16180
1946726,0,14148
8821406,1,14684
8821567,4,16132
8821424,5,16228
8821484,6,15580
8821559,7,16180
8820675,8,16180
1946726,0,14148
8822406,1,14684
8822567,4,16132
8822113,5,16228
8822173,6,15580
8822408,7,16180
8820675,8,16180
1946726,0,14148
8823406,1,14684
8823567,4,16132
8823484,5,16228
8823544,6,15580
8823466,7,16180
8822675,8,16180
1946726,0,14148
8824406,1,14684
8824567,4,16132
8824165,5,16228
8824226,6,15580
8824527,7,16180
8822675,8,16180
1946726,0,14148
8825406,1,14684
8825567,4,16132
8825533,5,16228
8824908,6,15580
8825373,7,16180
8824675,8,16180
1946726,0,14148
8826406,1,14684
8826567,4,16132
8826219,5,16228
8826280,6,15580
8826434,7,16180
8824675,8,16180
1946726,0,14148
8827406,1,14684
8827567,4,16132
8826903,5,16228
8826966,6,15580
8827496,7,16180
8826675,8,16180
1946726,0,14148
8828406,1,14684
8828567,4,16132
8828264,5,16228
8828326,6,15580
8828556,7,16180
8826675,8,16180
1946726,0,14148
8829406,1,14684
8829567,4,16132
8828953,5,16228
8829018,6,15580
8829406,7,16180
8828675,8,16180
1946726,0,14148
8830406,1,14684
8830567,4,16132
8830324,5,16228
8830385,6,15580
8830466,7,16180
8828675,8,16180
1946726,0,14148
8831406,1,14684
8831567,4,16132
8831004,5,16228
8831066,6,15580
8831527,7,16180
8830675,8,16180
1946726,0,14148
8832406,1,14684
8832567,4,16132
8832373,5,16228
8832433,6,15580
8832373,7,16180
8830675,8,16180
1946726,0,14148
8833406,1,14684
8833567,4,16132
8833063,5,16228
8833144,6,15580
8833436,7,16180
8832675,8,16180
1946726,0,14148
8834406,1,14684
8834567,4,16132
8834424,5,16228
8834484,6,15580
8834497,7,16180
8832675,8,16180
1946726,0,14148
8835406,1,14684
8835567,4,16132
8835104,5,16228
8835164,6,15580
8835558,7,16180
8834675,8,16180
1946726,0,14148
8836406,1,14684
8836567,4,16132
8836484,5,16228
8836546,6,15580
8836408,7,16180
8834675,8,16180
1946726,0,14148
8837406,1,14684
8837567,4,16132
8837165,5,16228
8837226,6,15580
8837466,7,16180
8836675,8,16180
1946726,0,14148
8838406,1,14684
8838567,4,16132
8838533,5,16228
8837908,6,15580
8838526,7,16180
8836675,8,16180
1946726,0,14148
8839406,1,14684
8839567,4,16132
8839218,5,16228
8839288,6,15580
8839374,7,16180
8838675,8,16180
1946726,0,14148
8840406,1,14684
8840567,4,16132
8839903,5,16228
8839964,6,15580
8840433,7,16180
8838675,8,16180
1946726,0,14148
8841406,1,14684
8841567,4,16132
8841264,5,16228
8841322,6,15580
8841495,7,16180
8840675,8,16180
1946726,0,14148
8842406,1,14684
8842567,4,16132
8841944,5,16228
8842004,6,15580
8842556,7,16180
8840675,8,16180
1946726,0,14148
8843406,1,14684
8843567,4,16132
8843324,5,16228
8843388,6,15580
8843406,7,16180
8842675,8,16180
1946726,0,14148
8844406,1,14684
8844567,4,16132
8844004,5,16228
8844094,6,15580
8844465,7,16180
8842675,8,16180
1946726,0,14148
8845406,1,14684
8845567,4,16132
8845373,5,16228
8845433,6,15580
8845527,7,16180
8844675,8,16180
1946726,0,14148
8846406,1,14684
8846567,4,16132
8846059,5,16228
8846122,6,15580
8846374,7,16180
8844675,8,16180
1946726,0,14148
8847406,1,14684
8847567,4,16132
8847424,5,16228
8847484,6,15580
8847433,7,16180
8846675,8,16180
1946726,0,14148
8848406,1,14684
8848567,4,16132
8848104,5,16228
8848164,6,15580
8848495,7,16180
8846675,8,16180
1946726,0,14148
8849406,1,14684
8849567,4,16132
8849483,5,16228
8849546,6,15580
8849555,7,16180
8848675,8,16180
1946726,0,14148
8850406,1,14684
8850567,4,16132
8850164,5,16228
8850222,6,15580
8850405,7,16180
8848675,8,16180
1946726,0,14148
8851406,1,14684
8851567,4,16132
8851524,5,16228
8850904,6,15580
8851465,7,16180
8850675,8,16180
1946726,0,14148
8852406,1,14684
8852567,4,16132
8852204,5,16228
8852296,6,15580
8852527,7,16180
8850675,8,16180
1946726,0,14148
8853406,1,14684
8853567,4,16132
8852893,5,16228
8852950,6,15580
8853373,7,16180
8852675,8,16180
1946726,0,14148
8854406,1,14684
8854567,4,16132
8854264,5,16228
8854318,6,15580
8854434,7,16180
8852675,8,16180
1946726,0,14148
8855406,1,14684
8855567,4,16132
8854944,5,16228
8855004,6,15580
8855496,7,16180
8854675,8,16180
1946726,0,14148
8856406,1,14684
8856567,4,16132
8856313,5,16228
8856377,6,15580
8856557,7,16180
8854675,8,16180
1946726,0,14148
8857406,1,14684
8857567,4,16132
8857000,5,16228
8857062,6,15580
8857408,7,16180
8856675,8,16180
1946726,0,14148
8858406,1,14684
8858567,4,16132
8858365,5,16228
8858426,6,15580
8858467,7,16180
8856675,8,16180
1946726,0,14148
8859406,1,14684
8859567,4,16132
8859044,5,16228
8859102,6,15580
8859527,7,16180
8858675,8,16180
1946726,0,14148
8860406,1,14684
8860567,4,16132
8860419,5,16228
8860480,6,15580
8860374,7,16180
8858675,8,16180
1946726,0,14148
8861406,1,14684
8861567,4,16132
8861104,5,16228
8861167,6,15580
8861435,7,16180
8860675,8,16180
1946726,0,14148
8862406,1,14684
8862567,4,16132
8862464,5,16228
8862526,6,15580
8862495,7,16180
8860675,8,16180
1946726,0,14148
8863406,1,14684
8863567,4,16132
8863153,5,16228
8863213,6,15580
8863556,7,16180
8862675,8,16180
1946726,0,14148
8864406,1,14684
8864567,4,16132
8864524,5,16228
8863898,6,15580
8864407,7,16180
8862675,8,16180
1946726,0,14148
8865406,1,14684
8865567,4,16132
8865204,5,16228
8865264,6,15580
8865466,7,16180
8864675,8,16180
1946726,0,14148
8866406,1,14684
8866567,4,16132
8865884,5,16228
8865946,6,15580
8866527,7,16180
8864675,8,16180
1946726,0,14148
8867406,1,14684
8867567,4,16132
8867253,5,16228
8867313,6,15580
8867374,7,16180
8866675,8,16180
1946726,0,14148
8868406,1,14684
8868567,4,16132
8867943,5,16228
8868038,6,15580
8868434,7,16180
8866675,8,16180
1946726,0,14148
8869406,1,14684
8869567,4,16132
8869304,5,16228
8869367,6,15580
8869496,7,16180
8868675,8,16180
1946726,0,14148
8870406,1,14684
8870567,4,16132
8869984,5,16228
8870046,6,15580
8870557,7,16180
8868675,8,16180
1946726,0,14148
8871406,1,14684
8871567,4,16132
8871364,5,16228
8871426,6,15580
8871407,7,16180
8870675,8,16180
1946726,0,14148
8872406,1,14684
8872567,4,16132
8872044,5,16228
8872102,6,15580
8872466,7,16180
8870675,8,16180
1946726,0,14148
8873406,1,14684
8873567,4,16132
8873404,5,16228
8873464,6,15580
8873527,7,16180
8872675,8,16180
1946726,0,14148
8874406,1,14684
8874567,4,16132
8874093,5,16228
8874153,6,15580
8874373,7,16180
8872675,8,16180
1946726,0,14148
8875406,1,14684
8875567,4,16132
8875464,5,16228
8875524,6,15580
8875433,7,16180
8874675,8,16180
1946726,0,14148
8876406,1,14684
8876567,4,16132
8876144,5,16228
8876238,6,15580
8876494,7,16180
8874675,8,16180
1946726,0,14148
8877406,1,14684
8877567,4,16132
8877513,5,16228
8876886,6,15580
8877554,7,16180
8876675,8,16180
1946726,0,14148
8878406,1,14684
8878567,4,16132
8878199,5,16228
8878260,6,15580
8878405,7,16180
8876675,8,16180
1946726,0,14148
8879406,1,14684
8879567,4,16132
8879565,5,16228
8878940,6,15580
8879462,7,16180
8878675,8,16180
1946726,0,14148
8880406,1,14684
8880567,4,16132
8880244,5,16228
8880304,6,15580
8880524,7,16180
8878675,8,16180
1946726,0,14148
8881406,1,14684
8881567,4,16132
8880924,5,16228
8880984,6,15580
8881371,7,16180
8880675,8,16180
1946726,0,14148
8882406,1,14684
8882567,4,16132
8882303,5,16228
8882366,6,15580
8882432,7,16180
8880675,8,16180
1946726,0,14148
8883406,1,14684
8883567,4,16132
8882984,5,16228
8883042,6,15580
8883494,7,16180
8882675,8,16180
1946726,0,14148
8884406,1,14684
8884567,4,16132
8884353,5,16228
8884448,6,15580
8884555,7,16180
8882675,8,16180
1946726,0,14148
8885406,1,14684
8885567,4,16132
8885033,5,16228
8885093,6,15580
8885406,7,16180
8884675,8,16180
1946726,0,14148
8886406,1,14684
8886567,4,16132
8886404,5,16228
8886466,6,15580
8886465,7,16180
8884675,8,16180
1946726,0,14148
8887406,1,14684
8887567,4,16132
8887084,5,16228
8887142,6,15580
8887526,7,16180
8886675,8,16180
1946726,0,14148
8888406,1,14684
8888567,4,16132
8888458,5,16228
8888519,6,15580
8888373,7,16180
8886675,8,16180
1946726,0,14148
8889406,1,14684
8889567,4,16132
8889143,5,16228
8889202,6,15580
8889433,7,16180
8888675,8,16180
1946726,0,14148
8890406,1,14684
8890567,4,16132
8890504,5,16228
8890566,6,15580
8890495,7,16180
8888675,8,16180
1946726,0,14148
8891406,1,14684
8891567,4,16132
8891184,5,16228
8891246,6,15580
8891557,7,16180
8890675,8,16180
1946726,0,14148
8892406,1,14684
8892567,4,16132
8892563,5,16228
8891936,6,15580
8892408,7,16180
8890675,8,16180
1946726,0,14148
8893406,1,14684
8893567,4,16132
8893244,5,16228
8893304,6,15580
8893468,7,16180
8892675,8,16180
1946726,0,14148
8894406,1,14684
8894567,4,16132
8893924,5,16228
8893984,6,15580
8894529,7,16180
8892675,8,16180
1946726,0,14148
8895406,1,14684
8895567,4,16132
8895293,5,16228
8895353,6,15580
8895375,7,16180
8894675,8,16180
1946726,0,14148
8896406,1,14684
8896567,4,16132
8895973,5,16228
8896035,6,15580
8896435,7,16180
8894675,8,16180
1946726,0,14148
8897406,1,14684
8897567,4,16132
8897344,5,16228
8897404,6,15580
8897498,7,16180
8896675,8,16180
1946726,0,14148
8898406,1,14684
8898567,4,16132
8898024,5,16228
8898084,6,15580
8898559,7,16180
8896675,8,16180
1946726,0,14148
8899406,1,14684
8899567,4,16132
8899403,5,16228
8899460,6,15580
8899408,7,16180
8898675,8,16180
1946726,0,14148
8900406,1,14684
8900567,4,16132
8900084,5,16228
8900142,6,15580
8900468,7,16180
8898675,8,16180
1946726,0,14148
8901406,1,14684
8901567,4,16132
8901453,5,16228
8901518,6,15580
8901527,7,16180
8900675,8,16180
1946726,0,14148
8902406,1,14684
8902567,4,16132
8902133,5,16228
8902192,6,15580
8902374,7,16180
8900675,8,16180
1946726,0,14148
8903406,1,14684
8903567,4,16132
8903504,5,16228
8903566,6,15580
8903435,7,16180
8902675,8,16180
1946726,0,14148
8904406,1,14684
8904567,4,16132
8904184,5,16228
8904248,6,15580
8904495,7,16180
8902675,8,16180
1946726,0,14148
8905406,1,14684
8905567,4,16132
8905553,5,16228
8904926,6,15580
8905555,7,16180
8904675,8,16180
1946726,0,14148
8906406,1,14684
8906567,4,16132
8906243,5,16228
8906306,6,15580
8906407,7,16180
8904675,8,16180
1946726,0,14148
8907406,1,14684
8907567,4,16132
8906924,5,16228
8906984,6,15580
8907465,7,16180
8906675,8,16180
1946726,0,14148
8908406,1,14684
8908567,4,16132
8908284,5,16228
8908346,6,15580
8908526,7,16180
8906675,8,16180
1946726,0,14148
8909406,1,14684
8909567,4,16132
8908965,5,16228
8909058,6,15580
8909373,7,16180
8908675,8,16180
1946726,0,14148
8910406,1,14684
8910567,4,16132
8910344,5,16228
8910406,6,15580
8910435,7,16180
8908675,8,16180
1946726,0,14148
8911406,1,14684
8911567,4,16132
8911024,5,16228
8911084,6,15580
8911495,7,16180
8910675,8,16180
1946726,0,14148
8912406,1,14684
8912567,4,16132
8912384,5,16228
8912446,6,15580
8912558,7,16180
8910675,8,16180
1946726,0,14148
8913406,1,14684
8913567,4,16132
8913078,5,16228
8913140,6,15580
8913408,7,16180
8912675,8,16180
1946726,0,14148
8914406,1,14684
8914567,4,16132
8914444,5,16228
8914506,6,15580
8914466,7,16180
8912675,8,16180
1946726,0,14148
8915406,1,14684
8915567,4,16132
8915124,5,16228
8915188,6,15580
8915527,7,16180
8914675,8,16180
1946726,0,14148
8916406,1,14684
8916567,4,16132
8916499,5,16228
8916562,6,15580
8916374,7,16180
8914675,8,16180
1946726,0,14148
8917406,1,14684
8917567,4,16132
8917183,5,16228
8917276,6,15580
8917434,7,16180
8916675,8,16180
1946726,0,14148
8918406,1,14684
8918567,4,16132
8918544,5,16228
8917924,6,15580
8918495,7,16180
8916675,8,16180
1946726,0,14148
8919406,1,14684
8919567,4,16132
8919224,5,16228
8919288,6,15580
8919557,7,16180
8918675,8,16180
1946726,0,14148
8920406,1,14684
8920567,4,16132
8919913,5,16228
8919973,6,15580
8920407,7,16180
8918675,8,16180
1946726,0,14148
8921406,1,14684
8921567,4,16132
8921284,5,16228
8921369,6,15580
8921468,7,16180
8920675,8,16180
1946726,0,14148
8922406,1,14684
8922567,4,16132
8921965,5,16228
8922026,6,15580
8922529,7,16180
8920675,8,16180
1946726,0,14148
8923406,1,14684
8923567,4,16132
8923333,5,16228
8923394,6,15580
8923375,7,16180
8922675,8,16180
1946726,0,14148
8924406,1,14684
8924567,4,16132
8924018,5,16228
8924080,6,15580
8924436,7,16180
8922675,8,16180
1946726,0,14148
8925406,1,14684
8925567,4,16132
8925384,5,16228
8925476,6,15580
8925498,7,16180
8924675,8,16180
1946726,0,14148
8926406,1,14684
8926567,4,16132
8926064,5,16228
8926124,6,15580
8926558,7,16180
8924675,8,16180
1946726,0,14148
8927406,1,14684
8927567,4,16132
8927438,5,16228
8927500,6,15580
8927408,7,16180
8926675,8,16180
1946726,0,14148
8928406,1,14684
8928567,4,16132
8928123,5,16228
8928183,6,15580
8928468,7,16180
8926675,8,16180
1946726,0,14148
8929406,1,14684
8929567,4,16132
8929484,5,16228
8929548,6,15580
8929527,7,16180
8928675,8,16180
1946726,0,14148
8930406,1,14684
8930567,4,16132
8930165,5,16228
8930224,6,15580
8930374,7,16180
8928675,8,16180
1946726,0,14148
8931406,1,14684
8931567,4,16132
8931544,5,16228
8930913,6,15580
8931435,7,16180
8930675,8,16180
1946726,0,14148
8932406,1,14684
8932567,4,16132
8932224,5,16228
8932284,6,15580
8932495,7,16180
8930675,8,16180
1946726,0,14148
8933406,1,14684
8933567,4,16132
8932904,5,16228
8932966,6,15580
8933556,7,16180
8932675,8,16180
1946726,0,14148
8934406,1,14684
8934567,4,16132
8934273,5,16228
8934334,6,15580
8934408,7,16180
8932675,8,16180
1946726,0,14148
8935406,1,14684
8935567,4,16132
8934963,5,16228
8935024,6,15580
8935466,7,16180
8934675,8,16180
1946726,0,14148
8936406,1,14684
8936567,4,16132
8936324,5,16228
8936386,6,15580
8936528,7,16180
8934675,8,16180
1946726,0,14148
8937406,1,14684
8937567,4,16132
8937004,5,16228
8937066,6,15580
8937375,7,16180
8936675,8,16180
1946726,0,14148
8938406,1,14684
8938567,4,16132
8938383,5,16228
8938446,6,15580
8938436,7,16180
8936675,8,16180
1946726,0,14148
8939406,1,14684
8939567,4,16132
8939064,5,16228
8939124,6,15580
8939497,7,16180
8938675,8,16180
1946726,0,14148
8940406,1,14684
8940567,4,16132
8940424,5,16228
8940484,6,15580
8940559,7,16180
8938675,8,16180
1946726,0,14148
8941406,1,14684
8941567,4,16132
8941113,5,16228
8941176,6,15580
8941408,7,16180
8940675,8,16180
1946726,0,14148
8942406,1,14684
8942567,4,16132
8942484,5,16228
8942546,6,15580
8942466,7,16180
8940675,8,16180
1946726,0,14148
8943406,1,14684
8943567,4,16132
8943165,5,16228
8943224,6,15580
8943527,7,16180
8942675,8,16180
1946726,0,14148
8944406,1,14684
8944567,4,16132
8944533,5,16228
8943903,6,15580
8944373,7,16180
8942675,8,16180
1946726,0,14148
8945406,1,14684
8945567,4,16132
8945213,5,16228
8945276,6,15580
8945434,7,16180
8944675,8,16180
1946726,0,14148
8946406,1,14684
8946567,4,16132
8945903,5,16228
8945960,6,15580
8946495,7,16180
8944675,8,16180
1946726,0,14148
8947406,1,14684
8947567,4,16132
8947264,5,16228
8947322,6,15580
8947555,7,16180
8946675,8,16180
1946726,0,14148
8948406,1,14684
8948567,4,16132
8947944,5,16228
8948004,6,15580
8948405,7,16180
8946675,8,16180
1946726,0,14148
8949406,1,14684
8949567,4,16132
8949323,5,16228
8949384,6,15580
8949465,7,16180
8948675,8,16180
1946726,0,14148
8950406,1,14684
8950567,4,16132
8950004,5,16228
8950096,6,15580
8950526,7,16180
8948675,8,16180
1946726,0,14148
8951406,1,14684
8951567,4,16132
8951365,5,16228
8951426,6,15580
8951373,7,16180
8950675,8,16180
1946726,0,14148
8952406,1,14684
8952567,4,16132
8952053,5,16228
8952112,6,15580
8952435,7,16180
8950675,8,16180
1946726,0,14148
8953406,1,14684
8953567,4,16132
8953424,5,16228
8953486,6,15580
8953496,7,16180
8952675,8,16180
1946726,0,14148
8954406,1,14684
8954567,4,16132
8954104,5,16228
8954167,6,15580
8954557,7,16180
8952675,8,16180
1946726,0,14148
8955406,1,14684
8955567,4,16132
8955473,5,16228
8955535,6,15580
8955408,7,16180
8954675,8,16180
1946726,0,14148
8956406,1,14684
8956567,4,16132
8956163,5,16228
8956226,6,15580
8956466,7,16180
8954675,8,16180
1946726,0,14148
8957406,1,14684
8957567,4,16132
8957524,5,16228
8956906,6,15580
8957527,7,16180
8956675,8,16180
1946726,0,14148
8958406,1,14684
8958567,4,16132
8958204,5,16228
8958278,6,15580
8958375,7,16180
8956675,8,16180
1946726,0,14148
8959406,1,14684
8959567,4,16132
8958893,5,16228
8958953,6,15580
8959435,7,16180
8958675,8,16180
1946726,0,14148
8960406,1,14684
8960567,4,16132
8960264,5,16228
8960324,6,15580
8960496,7,16180
8958675,8,16180
1946726,0,14148
8961406,1,14684
8961567,4,16132
8960944,5,16228
8961006,6,15580
8961557,7,16180
8960675,8,16180
1946726,0,14148
8962406,1,14684
8962567,4,16132
8962313,5,16228
8962374,6,15580
8962408,7,16180
8960675,8,16180
1946726,0,14148
8963406,1,14684
8963567,4,16132
8963000,5,16228
8963062,6,15580
8963468,7,16180
8962675,8,16180
1946726,0,14148
8964406,1,14684
8964567,4,16132
8964365,5,16228
8964426,6,15580
8964529,7,16180
8962675,8,16180
1946726,0,14148
8965406,1,14684
8965567,4,16132
8965044,5,16228
8965106,6,15580
8965375,7,16180
8964675,8,16180
1946726,0,14148
8966406,1,14684
8966567,4,16132
8966419,5,16228
8966510,6,15580
8966435,7,16180
8964675,8,16180
1946726,0,14148
8967406,1,14684
8967567,4,16132
8967103,5,16228
8967164,6,15580
8967496,7,16180
8966675,8,16180
1946726,0,14148
8968406,1,14684
8968567,4,16132
8968464,5,16228
8968526,6,15580
8968556,7,16180
8966675,8,16180
1946726,0,14148
8969406,1,14684
8969567,4,16132
8969153,5,16228
8969214,6,15580
8969406,7,16180
8968675,8,16180
1946726,0,14148
8970406,1,14684
8970567,4,16132
8970524,5,16228
8969894,6,15580
8970465,7,16180
8968675,8,16180
1946726,0,14148
8971406,1,14684
8971567,4,16132
8971204,5,16228
8971266,6,15580
8971526,7,16180
8970675,8,16180
