timestamp,minValue,maxValue,mean,stdDev,nSamples
8433931652,8.25688267,10.7142868,9.24577332,1.06974363,5
8434931656,9.09090614,12.2807026,10.6944265,1.48616564,5
8435931660,9.09090614,11.5044231,10.3867626,0.917924523,5
8436931668,10.7142868,12.2807026,11.4974947,0.904370546,4
8437931672,9.09090614,12.2807026,10.8609209,1.18383181,5
8438931676,9.09090614,11.5044231,10.3867626,0.917924523,5
8439931680,9.09090614,11.5044231,10.7035103,1.13776541,4
8440931684,9.09090614,12.2807026,10.7000465,1.26088703,5
8441931688,9.09090614,12.2807026,10.37537,1.45098257,5
8442931696,9.09090614,11.5044231,10.5447893,1.04730237,5
8443931700,9.9099102,13.0434809,11.293025,1.3362546,4
8444931704,9.09090614,12.2807026,10.7028942,1.12787116,5
8445931708,9.09090614,13.0434809,10.6945744,1.47526157,5
8446931712,10.7142868,12.2807026,11.1058903,0.783207834,4
8447931716,9.09090614,12.2807026,10.8553009,1.42217076,5
8448931720,9.09090614,12.2807026,10.5362453,1.43092704,5
8449931724,9.09090614,11.5044231,10.5447893,1.04730237,5
8450931732,9.9099102,12.2807026,11.1023312,1.02024233,4
8451931736,9.09090614,12.2807026,11.1742039,1.33317089,5
8452931740,9.9099102,11.5044231,10.5505638,0.667894602,5
8453931744,9.9099102,12.2807026,11.2998648,0.996277153,4
8454931752,9.09090614,12.2807026,10.7000456,1.26088727,5
8455931752,9.9099102,12.2807026,10.7029715,1.12008917,5
8456931760,9.09090614,11.5044231,10.7056656,0.985345721,5
8457931764,10.7142868,12.2807026,11.3034248,0.750475109,4
8458931768,9.09090614,12.2807026,10.8609209,1.18383181,5
8459931772,9.09090614,11.5044231,10.3867626,0.917924523,5
8460931776,9.9099102,11.5044231,10.7071667,0.920592487,4
8461931784,9.09090614,12.2807026,10.7000456,1.26088727,5
8462931788,9.09090614,12.2807026,10.5420179,1.18191183,5
8463931792,9.09090614,12.2807026,10.8609209,1.18383169,5
8464931796,10.7142868,12.2807026,11.3034248,0.750475109,4
8465931800,9.09090614,13.0434809,11.0134764,1.43503082,5
8466931808,9.09090614,12.2807026,10.7000465,1.2608875,5
8467931808,9.9099102,13.0434809,11.293025,1.3362546,4
8468931816,9.09090614,12.2807026,10.8609209,1.18383169,5
8469931820,9.09090614,12.2807026,10.2202682,1.2051779,5
8470931824,9.09090614,11.5044231,10.7056656,0.985345721,5
8471931828,10.7142868,12.2807026,11.3034248,0.750475109,4
8472931832,9.9099102,12.2807026,11.0247221,0.900436819,5
8473931836,9.09090614,12.2807026,10.7000465,1.2608875,5
8474931844,9.9099102,12.2807026,10.9012365,1.18774521,4
8475931848,9.09090614,12.2807026,10.8609209,1.18383169,5
8476931852,9.9099102,12.2807026,10.5449448,1.03093886,5
8477931856,9.09090614,11.5044231,10.7056656,0.985345662,5
8478931860,10.7142868,12.2807026,11.3034248,0.750475228,4
8479931864,9.9099102,13.0434809,11.0107832,1.53136516,5
8480931872,9.09090614,12.2807026,10.5391703,1.30901229,5
8481931872,9.9099102,12.2807026,11.1023312,1.02024233,4
8482931880,9.09090614,12.2807026,10.7000456,1.26088727,5
8483931884,9.09090614,12.2807026,10.5391703,1.30901241,5
8484931888,9.09090614,11.5044231,10.5476379,0.883292437,5
8485931892,10.7142868,12.2807026,11.4974947,0.904370546,4
8486931900,9.09090614,13.0434809,10.846982,1.71173692,5
8487931900,9.09090614,12.2807026,10.5391703,1.30901229,5
8488931908,9.9099102,12.2807026,11.1023312,1.02024233,4
8489931912,9.09090614,12.2807026,10.7000456,1.26088727,5
8490931916,9.09090614,12.2807026,10.5391703,1.30901241,5
8491931920,9.09090614,11.5044231,10.5476379,0.883292437,5
8492931928,10.7142868,12.2807026,11.4974947,0.904370546,4
8493931928,9.09090614,13.0434809,10.846982,1.71173692,5
8494931936,9.09090614,12.2807026,10.5391703,1.30901229,5
8495931940,9.9099102,12.2807026,11.1023312,1.02024233,4
8496931944,9.09090614,11.5044231,10.5447903,1.04730272,5
8497931960,9.9099102,12.2807026,10.5449448,1.03093886,5
8498931952,9.09090614,11.5044231,10.3867626,0.917924523,5
8499931956,10.7142868,12.2807026,11.5009584,0.639499307,4
8500931964,9.9099102,13.0434809,10.8555269,1.40452707,5
8501931968,9.09090614,12.2807026,10.7000465,1.2608875,5
8502931972,10.7142868,12.2807026,11.3034248,0.750475228,4
8503931976,9.09090614,11.5044231,10.5447903,1.04730272,5
8504931980,9.9099102,12.2807026,10.5449448,1.03093886,5
8505931984,9.09090614,11.5044231,10.3867626,0.917924523,5
8506931992,10.7142868,12.2807026,11.5009584,0.639499307,4
8507931996,9.9099102,13.0434809,10.8555269,1.40452707,5
8508932000,9.09090614,12.2807026,10.5420189,1.18191195,5
8509932004,10.7142868,12.2807026,11.3034248,0.750475228,4
8510932008,9.09090614,11.5044231,10.5476379,0.883292258,5
8511932012,9.9099102,12.2807026,10.8638468,1.03200984,5
8512932020,9.09090614,11.5044231,10.3867626,0.917924523,5
8513932024,10.7142868,12.2807026,11.3034248,0.750475228,4
8514932028,9.09090614,13.7931051,10.841651,1.86760092,5
8515932032,9.09090614,11.5044231,10.5447893,1.04730237,5
8516932036,10.7142868,12.2807026,11.3034248,0.750475228,4
8517932040,9.09090614,11.5044231,10.3867626,0.917924404,5
8518932048,9.9099102,12.2807026,10.8638468,1.03200984,5
8519932052,9.09090614,11.5044231,10.3867626,0.917924523,5
8520932064,10.7142868,12.2807026,11.3034248,0.750475109,4
8521932060,9.9099102,13.0434809,11.0164032,1.31216788,5
8522932064,9.09090614,12.2807026,10.5391703,1.30901241,5
8523932068,9.9099102,12.2807026,11.2998648,0.996277094,4
8524932076,9.9099102,11.5044231,10.5505638,0.667894483,5
8525932076,9.9099102,12.2807026,10.7058201,0.967902839,5
8526932084,9.09090614,11.5044231,10.5447893,1.04730237,5
8527932088,10.7142868,12.2807026,11.3034248,0.750475228,4
8528932092,9.09090614,13.0434809,10.8526011,1.51955545,5
8529932096,9.09090614,11.5044231,10.5447893,1.04730237,5
8530932100,9.9099102,12.2807026,11.2998648,0.996277094,4
8531932104,9.9099102,11.5044231,10.5505638,0.667894483,5
8532932112,9.9099102,12.2807026,10.3840685,1.06025052,5
8533932116,9.09090614,12.2807026,10.5420189,1.18191195,5
8534932120,10.7142868,11.5044231,11.109355,0.456185281,4
8535932124,9.09090614,12.2807026,10.8580732,1.31161189,5
8536932128,9.09090614,11.5044231,10.3839149,1.07614005,5
8537932132,9.09090614,11.5044231,10.7035103,1.13776541,4
8538932148,9.09090614,11.5044231,10.5447903,1.0473026,5
8539932144,9.09090614,13.0434809,10.533699,1.51587391,5
8540932148,9.09090614,11.5044231,10.702817,1.13519549,5
8541932152,9.9099102,12.2807026,10.9047966,0.992556334,4
8542932156,9.09090614,12.2807026,10.7028942,1.12787116,5
8543932160,9.09090614,13.0434809,10.6945744,1.47526157,5
8544932168,10.7142868,11.5044231,10.9118214,0.395068318,4
8545932172,9.09090614,12.2807026,11.0189476,1.21177173,5
8546932176,9.09090614,12.2807026,10.8609209,1.18383181,5
8547932180,9.09090614,11.5044231,10.2229614,1.08259451,5
8548932184,9.9099102,11.5044231,10.9082603,0.7627033,4
8549932188,9.09090614,12.2807026,10.7028942,1.12787116,5
8550932196,9.9099102,13.0434809,11.0164022,1.31216764,5
8551932200,10.7142868,11.5044231,11.109355,0.45618543,4
8552932204,9.9099102,12.2807026,10.8638468,1.03200972,5
8553932208,9.09090614,12.2807026,10.5306253,1.63220799,5
8554932212,9.09090614,11.5044231,10.5447893,1.04730237,5
8555932216,9.09090614,12.2807026,10.8975792,1.36369026,4
8556932220,9.09090614,12.2807026,10.7028942,1.12787116,5
8557932224,9.09090614,13.0434809,10.533699,1.51587355,5
8558932232,9.9099102,11.5044231,10.5096331,0.763942778,4
8559932236,9.9099102,11.5044231,10.8666182,0.87335068,5
8560932240,9.09090614,11.5044231,10.3867626,0.917924404,5
8561932244,9.9099102,11.5044231,10.7114391,0.563759208,5
8562932248,9.09090614,12.2807026,10.8975792,1.36369038,4
8563932256,9.09090614,12.2807026,10.6944265,1.48616552,5
8564932260,9.09090614,12.2807026,10.5391703,1.30901241,5
8565932264,9.09090614,11.5044231,10.5024157,1.20436144,4
8566932268,9.09090614,11.5044231,10.5476379,0.883292317,5
8567932272,9.09090614,12.2807026,10.8609209,1.18383169,5
8568932280,9.09090614,11.5044231,10.5447893,1.04730237,5
8569932280,9.9099102,13.0434809,11.293025,1.33625472,4
8570932288,9.09090614,12.2807026,10.7000456,1.26088727,5
8571932292,8.25688267,13.0434809,10.3668938,1.74317372,5
8572932296,9.09090614,11.5044231,10.2258873,0.916658878,5
8573932328,9.09090614,11.5044231,10.7035103,1.13776541,4
8574932304,9.09090614,13.0434809,10.6917267,1.57926607,5
8575932308,9.09090614,11.5044231,10.2201138,1.21915412,5
8576932316,9.9099102,12.2807026,11.1023312,1.02024233,4
8577932320,9.9099102,11.5044231,10.7114391,0.563759029,5
8578932324,9.9099102,12.2807026,10.3840685,1.06025052,5
8579932328,8.25688267,12.2807026,10.3752136,1.46327221,5
8580932332,10.7142868,12.2807026,11.5009584,0.639499307,4
8581932340,9.09090614,11.5044231,10.5447903,1.04730248,5
8582932344,9.09090614,11.5044231,10.7056646,0.985345423,5
8583932348,9.09090614,13.0434809,10.6896458,1.70343792,4
8584932352,9.09090614,11.5044231,10.3839149,1.07614005,5
8585932356,9.09090614,12.2807026,10.3811426,1.20707726,5
8586932372,9.09090614,11.5044231,10.5447893,1.04730237,5
8587932364,9.09090614,11.5044231,10.7035103,1.13776541,4
8588932372,9.9099102,12.2807026,10.8666945,0.863790929,5
8589932376,9.09090614,13.7931051,10.8444986,1.78022003,5
8590932380,9.9099102,11.5044231,10.7107267,0.650970161,4
8591932384,9.9099102,12.2807026,10.7058191,0.967902839,5
8592932388,9.09090614,11.5044231,10.3867626,0.917924583,5
8593932392,9.09090614,11.5044231,10.3839149,1.07614005,5
8594932400,9.09090614,11.5044231,10.9010439,1.20675838,4
8595932404,9.9099102,12.2807026,10.8638468,1.03200972,5
8596932408,9.09090614,12.2807026,10.3811426,1.20707726,5
8597932412,9.09090614,11.5044231,10.5059757,1.01424956,4
8598932416,9.9099102,12.2807026,10.8638468,1.03200972,5
8599932420,9.09090614,12.2807026,10.3811426,1.20707726,5
8600932428,9.09090614,11.5044231,10.7056656,0.985345662,5
8601932432,9.9099102,13.0434809,11.293025,1.33625472,4
8602932436,9.09090614,12.2807026,10.5391703,1.30901241,5
8603932440,8.25688267,11.5044231,10.377985,1.35729444,5
8604932444,9.09090614,11.5044231,10.3867626,0.917924523,5
8605932448,9.9099102,12.2807026,10.9047966,0.992556334,4
8606932452,9.9099102,12.2807026,10.8582268,1.29853654,5
8607932460,9.09090614,12.2807026,10.5391703,1.30901229,5
8608932464,9.9099102,12.2807026,10.7037029,1.11762464,4
8609932468,9.09090614,12.2807026,10.7000456,1.26088727,5
8610932472,9.09090614,12.2807026,10.5391703,1.30901241,5
8611932476,9.09090614,11.5044231,10.3867626,0.917924523,5
8612932484,10.7142868,12.2807026,11.3034248,0.750475228,4
8613932484,9.09090614,13.0434809,10.6917267,1.57926607,5
8614932492,8.25688267,11.5044231,10.2199583,1.23373091,5
8615932496,9.9099102,11.5044231,10.7107267,0.650970101,4
8616932500,9.09090614,11.5044231,10.5447903,1.0473026,5
8617932504,9.09090614,12.2807026,10.2173424,1.33572447,5
8618932508,9.09090614,12.2807026,10.5362453,1.43092728,5
8619932512,10.7142868,11.5044231,11.109355,0.456185281,4
8620932520,9.09090614,12.2807026,10.5420179,1.18191183,5
8621932524,9.09090614,13.0434809,10.6945734,1.47526133,5
8622932528,9.9099102,11.5044231,10.9082603,0.7627033,4
8623932532,9.9099102,11.5044231,10.5505638,0.667894363,5
8624932536,9.9099102,11.5044231,10.3896885,0.713890612,5
8625932540,9.09090614,12.2807026,10.5391703,1.30901241,5
8626932548,9.09090614,11.5044231,10.7035103,1.13776541,4
8627932552,9.09090614,12.2807026,10.7000456,1.26088727,5
8628932556,9.09090614,13.0434809,10.6945744,1.47526205,5
8629932560,9.09090614,11.5044231,10.304882,1.03862929,4
8630932564,9.9099102,12.2807026,11.0247221,0.900436819,5
8631932568,9.9099102,11.5044231,10.3896885,0.713890672,5
8632932576,9.09090614,11.5044231,10.5447893,1.04730225,5
8633932580,9.9099102,12.2807026,11.1023312,1.02024233,4
8634932584,9.9099102,12.2807026,10.8582268,1.29853654,5
8635932588,9.09090614,13.0434809,10.3698988,1.63935065,5
8636932592,9.09090614,11.5044231,10.5024157,1.20436144,4
8637932596,9.09090614,11.5044231,10.7056656,0.985345542,5
8638932604,9.9099102,12.2807026,10.7058201,0.96790278,5
8639932608,8.25688267,11.5044231,10.5388603,1.33543944,5
8640932612,10.7142868,13.0434809,11.4941196,1.09801412,4
8641932616,9.09090614,11.5044231,10.5447903,1.04730248,5
8642932620,8.25688267,11.5044231,10.377985,1.35729444,5
8643932624,9.9099102,11.5044231,10.7114391,0.563759208,5
8644932628,9.9099102,11.5044231,10.7107267,0.650970161,4
8645932632,9.09090614,12.2807026,10.6944265,1.48616552,5
8646932640,9.09090614,12.2807026,10.37537,1.45098257,5
8647932644,9.9099102,12.2807026,10.9012365,1.18774521,4
8648932648,9.09090614,11.5044231,10.5447903,1.04730272,5
8649932652,9.9099102,12.2807026,10.5449448,1.03093886,5
8650932656,8.25688267,11.5044231,10.2199583,1.23373091,5
8651932672,10.7142868,12.2807026,11.3034248,0.750475109,4
8652932668,9.09090614,12.2807026,10.8580732,1.31161189,5
8653932672,9.09090614,11.5044231,10.3867626,0.917924523,5
8654932676,9.9099102,11.5044231,10.7107267,0.650970161,4
8655932680,9.09090614,11.5044231,10.702817,1.13519549,5
8656932684,9.09090614,12.2807026,10.2173424,1.33572447,5
8657932688,9.09090614,12.2807026,10.37537,1.45098257,5
8658932696,10.7142868,11.5044231,11.3068886,0.395068318,4
8659932700,9.09090614,12.2807026,10.5420179,1.18191183,5
8660932704,9.9099102,13.0434809,10.6974993,1.35690808,5
8661932708,9.9099102,12.2807026,10.5026083,1.18539619,4
8662932712,9.9099102,12.2807026,10.5449438,1.03093898,5
8663932716,9.09090614,11.5044231,10.5447903,1.04730272,5
8664932724,9.09090614,12.2807026,10.3782177,1.33787847,5
8665932728,9.9099102,12.2807026,11.1023312,1.02024233,4
8666932732,9.09090614,12.2807026,10.7000456,1.26088727,5
8667932736,9.9099102,13.7931051,10.8474245,1.68311894,5
8668932740,9.09090614,11.5044231,10.5059757,1.01424956,4
8669932748,9.09090614,11.5044231,10.7056656,0.985345662,5
8670932752,9.9099102,12.2807026,10.5449448,1.03093886,5
8671932756,9.09090614,11.5044231,10.5447893,1.04730225,5
8672932760,10.7142868,13.0434809,11.4941196,1.09801424,4
8673932764,9.9099102,12.2807026,11.0191031,1.19758058,5
8674932768,9.09090614,13.0434809,10.6917267,1.57926607,5
8675932772,9.09090614,11.5044231,10.5059757,1.01424956,4
8676932776,9.9099102,12.2807026,11.1827497,0.901668549,5
8677932784,9.09090614,12.2807026,10.5420189,1.18191183,5
8678932788,9.09090614,11.5044231,10.5447893,1.04730225,5
8679932820,9.9099102,13.0434809,11.4870958,1.43025565,4
8680932796,9.09090614,13.0434809,10.6917267,1.57926607,5
8681932800,9.09090614,13.0434809,10.6917267,1.57926607,5
8682932804,9.9099102,11.5044231,10.7071667,0.920592487,4
8683932812,9.09090614,11.5044231,10.8636932,1.04841542,5
8684932816,9.09090614,12.2807026,10.5420179,1.18191183,5
8685932820,9.09090614,11.5044231,10.5447893,1.04730237,5
8686932824,10.7142868,12.2807026,11.3034248,0.750475228,4
8687932828,9.09090614,12.2807026,10.5391703,1.30901241,5
8688932832,9.09090614,13.0434809,10.8554487,1.41075075,5
8689932840,9.09090614,12.2807026,10.6964855,1.45591807,4
8690932840,9.9099102,11.5044231,10.8694658,0.666192532,5
8691932848,9.09090614,13.0434809,10.6917267,1.57926619,5
8692932856,9.09090614,12.2807026,10.5420189,1.18191195,5
8693932856,9.9099102,13.0434809,11.293025,1.33625472,4
8694932860,9.09090614,12.2807026,10.7000456,1.26088727,5
8695932868,9.09090614,13.0434809,10.533699,1.51587427,5
8696932872,9.09090614,11.5044231,10.2258873,0.916658878,5
8697932876,9.9099102,13.0434809,11.0954914,1.35288572,4
8698932880,9.09090614,12.2807026,10.7028942,1.12787127,5
8699932884,9.09090614,11.5044231,10.5447893,1.04730237,5
8700932888,10.7142868,13.7931051,11.6815252,1.45616329,4
8701932892,9.9099102,11.5044231,10.7085915,0.797262788,5
8702932900,9.09090614,11.5044231,10.3867626,0.917924583,5
8703932904,9.09090614,11.5044231,10.5024157,1.20436144,4
8704932908,9.9099102,12.2807026,11.1799774,1.05711854,5
8705932912,9.9099102,12.2807026,10.7058201,0.96790278,5
8706932916,9.09090614,11.5044231,10.7056656,0.985345721,5
8707932920,10.7142868,13.0434809,11.6916533,0.975156963,4
8708932924,9.09090614,12.2807026,10.5391703,1.30901241,5
8709932932,9.09090614,11.5044231,10.5447893,1.04730237,5
8710932936,9.09090614,11.5044231,10.3867626,0.917924523,5
8711932940,9.9099102,12.2807026,10.9047966,0.992556334,4
8712932944,9.9099102,13.0434809,11.0107832,1.53136516,5
8713932948,9.09090614,12.2807026,10.7000465,1.2608875,5
8714932952,10.7142868,13.0434809,11.4941196,1.09801424,4
8715932960,9.9099102,11.5044231,10.8694658,0.666192472,5
8716932964,9.09090614,13.0434809,10.8554487,1.41075075,5
8717932968,9.09090614,11.5044231,10.5024157,1.20436144,4
8718932972,9.9099102,11.5044231,11.0274935,0.712298274,5
8719932976,9.09090614,13.0434809,10.6917267,1.57926619,5
8720932980,9.09090614,11.5044231,10.5447893,1.04730225,5
8721932988,10.7142868,12.2807026,11.4974947,0.904370546,4
8722932992,9.09090614,12.2807026,10.7000456,1.26088727,5
8723932996,9.09090614,13.7931051,10.6836243,1.83056188,5
8724933000,9.09090614,12.2807026,10.7000456,1.30233276,4
8725933004,9.9099102,11.5044231,11.0274935,0.712298393,5
8726933008,9.09090614,12.2807026,10.3811426,1.20707726,5
8727933012,9.9099102,11.5044231,10.5505638,0.667894602,5
8728933020,10.7142868,13.0434809,11.4941196,1.09801424,4
8729933024,9.9099102,12.2807026,10.7029715,1.12008905,5
8730933028,9.09090614,13.0434809,10.533699,1.51587427,5
8731933032,9.09090614,12.2807026,10.6964855,1.45591819,4
8732933036,9.9099102,11.5044231,11.0274935,0.712298393,5
8733933044,9.09090614,12.2807026,10.3811426,1.20707726,5
8734933048,9.09090614,12.2807026,10.8609209,1.18383181,5
8735933052,9.9099102,12.2807026,11.4939346,1.11762416,4
8736933056,9.09090614,12.2807026,10.6944265,1.48616552,5
8737933060,9.09090614,13.0434809,10.6917267,1.57926607,5
8738933064,9.09090614,11.5044231,10.5024157,1.20436144,4
8739933068,9.09090614,12.2807026,10.8609209,1.18383181,5
8740933076,9.09090614,12.2807026,10.8609209,1.18383181,5
8741933080,9.09090614,11.5044231,10.702817,1.13519537,5
8742933084,9.9099102,12.2807026,11.2998648,0.996277094,4
8743933088,9.09090614,13.0434809,10.8526011,1.51955545,5
8744933092,9.09090614,13.0434809,10.533699,1.51587427,5
8745933096,9.09090614,11.5044231,10.5059757,1.01424956,4
8746933100,9.9099102,11.5044231,11.0274935,0.712298274,5
8747933108,9.09090614,13.0434809,10.533699,1.51587403,5
8748933112,9.09090614,11.5044231,10.5447893,1.04730225,5
8749933116,10.7142868,12.2807026,11.4974947,0.904370546,4
8750933120,9.09090614,12.2807026,10.7000456,1.26088727,5
8751933124,9.09090614,13.0434809,10.6945744,1.47526205,5
8752933128,9.09090614,12.2807026,10.7000456,1.30233276,4
8753933136,9.9099102,11.5044231,11.0274935,0.712298393,5
8754933140,9.09090614,12.2807026,10.3811426,1.20707726,5
8755933144,9.9099102,12.2807026,10.7058191,0.96790278,5
8756933148,9.9099102,12.2807026,11.1023312,1.02024233,4
8757933164,9.09090614,12.2807026,10.5391703,1.30901241,5
8758933156,9.9099102,13.0434809,10.6975002,1.3569088,5
8759933164,9.09090614,11.5044231,10.5024157,1.20436144,4
8760933168,9.9099102,11.5044231,10.8694668,0.666192353,5
8761933196,9.09090614,12.2807026,10.5420179,1.18191195,5
8762933176,9.09090614,13.0434809,11.0134773,1.43503094,5
8763933180,9.9099102,13.0434809,11.293025,1.33625472,4
8764933184,9.9099102,12.2807026,10.8582268,1.29853654,5
8765933192,9.09090614,13.0434809,10.6917267,1.57926607,5
8766933196,9.09090614,11.5044231,10.5024157,1.20436144,4
8767933200,9.09090614,12.2807026,11.0189476,1.21177173,5
8768933204,9.09090614,12.2807026,10.8609209,1.18383181,5
8769933208,9.09090614,11.5044231,10.5447893,1.04730225,5
8770933212,9.9099102,12.2807026,11.4939346,1.11762416,4
8771933216,9.09090614,13.0434809,10.8526011,1.51955545,5
8772933220,9.09090614,13.0434809,10.533699,1.51587427,5
8773933228,9.9099102,11.5044231,10.7107267,0.650970161,4
8774933232,10.7142868,11.5044231,11.0303421,0.432775199,5
8775933236,9.09090614,13.0434809,10.533699,1.51587403,5
8776933240,9.09090614,11.5044231,10.702817,1.13519537,5
8777933244,11.5044231,12.2807026,11.698493,0.388139725,4
8778933252,9.9099102,12.2807026,10.7029715,1.12008905,5
8779933256,9.9099102,13.0434809,10.8555269,1.40452695,5
8780933260,9.9099102,12.2807026,10.9047966,0.992556334,4
8781933264,9.9099102,12.2807026,10.8666954,0.863790691,5
8782933268,9.09090614,11.5044231,10.702817,1.13519549,5
8783933272,9.09090614,12.2807026,10.6944265,1.48616564,5
8784933276,9.09090614,11.5044231,10.9010439,1.20675838,4
8785933292,9.9099102,12.2807026,10.7029715,1.12008905,5
8786933288,9.09090614,13.7931051,11.0025253,1.80072248,5
8787933292,9.9099102,11.5044231,10.7107267,0.650970161,4
8788933296,9.9099102,13.0434809,11.0164022,1.31216776,5
8789933300,9.9099102,11.5044231,10.5505638,0.667894483,5
8790933304,9.09090614,12.2807026,10.7000465,1.2608875,5
8791933312,9.09090614,11.5044231,10.9010439,1.20675838,4
8792933316,9.9099102,12.2807026,11.0247221,0.900436819,5
8793933320,9.09090614,13.0434809,10.6945744,1.47526157,5
8794933324,9.9099102,11.5044231,10.7107267,0.650970161,4
8795933328,9.9099102,12.2807026,11.0191031,1.19758034,5
8796933332,9.09090614,11.5044231,10.5476379,0.883292258,5
8797933340,9.9099102,11.5044231,10.3896885,0.713890731,5
8798933344,9.9099102,12.2807026,11.2998648,0.996277153,4
8799933348,9.9099102,13.0434809,11.0164022,1.31216788,5
8800933352,9.09090614,13.0434809,10.6945744,1.47526157,5
8801933356,10.7142868,11.5044231,10.9118214,0.395068139,4
8802933360,9.9099102,11.5044231,10.8694658,0.666192532,5
8803933368,9.09090614,11.5044231,10.5447903,1.04730248,5
8804933372,9.09090614,13.0434809,10.6917267,1.57926607,5
8805933376,9.9099102,12.2807026,11.1023312,1.02024233,4
8806933380,9.9099102,12.2807026,10.7058201,0.96790278,5
8807933384,9.9099102,13.0434809,10.8555269,1.40452695,5
8808933388,9.9099102,12.2807026,10.9047966,0.992556334,4
8809933392,9.9099102,12.2807026,10.8638458,1.03201008,5
8810933400,9.09090614,11.5044231,10.5447903,1.04730272,5
8811933400,9.09090614,12.2807026,10.6944265,1.48616564,5
8812933408,9.09090614,11.5044231,10.9010439,1.20675838,4
8813933412,9.9099102,12.2807026,10.8666945,0.863790929,5
8814933416,9.09090614,13.7931051,10.8444986,1.78022003,5
8815933420,9.9099102,11.5044231,10.7107267,0.650970161,4
8816933428,9.9099102,13.0434809,11.1772776,1.18582034,5
8817933432,9.09090614,11.5044231,10.5447903,1.0473026,5
8818933436,9.09090614,12.2807026,10.7000465,1.2608875,5
8819933440,9.09090614,13.0434809,11.088274,1.64573789,4
8820933444,9.09090614,12.2807026,11.0189476,1.21177161,5
8821933448,9.09090614,13.0434809,10.533699,1.51587355,5
8822933452,9.9099102,11.5044231,10.7107267,0.650970161,4
8823933460,9.9099102,11.5044231,10.8666182,0.87335068,5
8824933464,9.09090614,11.5044231,10.3867626,0.917924404,5
8825933468,9.9099102,11.5044231,10.7114391,0.563759208,5
8826933472,9.9099102,12.2807026,11.2964001,1.18306279,4
8827933476,9.9099102,12.2807026,10.7058201,0.96790278,5
8828933480,9.09090614,13.0434809,10.6917267,1.57926619,5
8829933484,10.7142868,11.5044231,11.109355,0.45618543,4
8830933492,9.9099102,12.2807026,10.7029715,1.12008905,5
8831933496,9.09090614,12.2807026,10.7000465,1.26088703,5
8832933500,9.09090614,13.0434809,10.6917267,1.57926607,5
8833933504,9.9099102,12.2807026,11.1023312,1.02024233,4
8834933508,9.9099102,12.2807026,10.8638468,1.03200972,5
8835933512,9.09090614,13.0434809,10.6917267,1.57926619,5
8836933520,9.9099102,11.5044231,10.7107267,0.650970161,4
8837933524,9.9099102,12.2807026,10.7058191,0.967902839,5
8838933528,9.09090614,12.2807026,10.7000456,1.26088727,5
8839933532,9.9099102,11.5044231,10.3896885,0.713890731,5
8840933536,9.9099102,12.2807026,11.2998648,0.996277273,4
8841933540,9.9099102,12.2807026,10.8666945,0.863790929,5
8842933548,9.09090614,13.0434809,10.6917267,1.57926619,5
8843933552,9.9099102,12.2807026,10.9047966,0.992556334,4
8844933556,9.9099102,13.0434809,11.0164022,1.31216776,5
8845933560,9.9099102,11.5044231,10.5505638,0.667894483,5
8846933564,9.9099102,11.5044231,10.5505638,0.667894542,5
8847933568,9.09090614,12.2807026,11.0951138,1.38534439,4
8848933572,9.9099102,12.2807026,10.7029715,1.12008905,5
8849933580,9.09090614,13.0434809,10.6945744,1.47526205,5
8850933592,10.7142868,11.5044231,11.109355,0.45618543,4
8851933588,9.9099102,12.2807026,11.0218735,1.06340075,5
8852933592,9.09090614,11.5044231,10.3867626,0.917924404,5
8853933596,9.9099102,11.5044231,10.7114391,0.563759208,5
8854933604,9.9099102,12.2807026,11.2964001,1.18306279,4
8855933608,9.9099102,12.2807026,10.8638468,1.03200972,5
8856933612,9.09090614,13.0434809,10.8526011,1.51955497,5
8857933616,10.7142868,11.5044231,10.9118214,0.395068139,4
8858933620,9.9099102,11.5044231,10.7085905,0.797263026,5
8859933624,9.09090614,11.5044231,10.7056656,0.985345542,5
8860933632,9.09090614,12.2807026,10.5391703,1.30901229,5
8861933632,9.09090614,11.5044231,10.9010439,1.20675838,4
8862933640,9.9099102,12.2807026,10.8638468,1.03200972,5
8863933652,9.09090614,13.0434809,10.6945744,1.47526157,5
8864933648,10.7142868,11.5044231,10.9118214,0.395068139,4
8865933652,9.9099102,12.2807026,10.8666954,0.863790691,5
8866933656,9.09090614,12.2807026,10.5420179,1.18191183,5
8867933664,9.09090614,12.2807026,10.5391703,1.30901229,5
8868933668,9.9099102,12.2807026,11.2998648,0.996277273,4
8869933672,9.9099102,12.2807026,10.8666945,0.863790929,5
8870933676,9.09090614,13.0434809,10.6945744,1.47526157,5
8871933680,9.9099102,12.2807026,10.9047966,0.992556334,4
8872933684,9.9099102,12.2807026,10.8638458,1.03201008,5
8873933688,9.09090614,11.5044231,10.3867626,0.917924404,5
8874933696,9.9099102,12.2807026,10.7058201,0.967902839,5
8875933700,9.09090614,11.5044231,10.9010439,1.20675838,4
8876933708,9.9099102,12.2807026,10.7029715,1.12008905,5
8877933708,9.09090614,13.7931051,10.8444986,1.78021979,5
8878933712,9.09090614,11.5044231,10.5059757,1.01424956,4
8879933716,9.9099102,12.2807026,11.0218735,1.06340075,5
8880933724,9.9099102,11.5044231,10.3896885,0.713890672,5
8881933728,9.09090614,12.2807026,10.7000465,1.26088762,5
8882933732,10.7142868,11.5044231,11.3068886,0.395068318,4
8883933736,9.9099102,12.2807026,10.8582268,1.29853654,5
8884933740,9.09090614,13.0434809,10.846982,1.71173692,5
8885933744,10.7142868,11.5044231,10.9118214,0.395068139,4
8886933752,9.9099102,12.2807026,10.8638458,1.03201008,5
8887933756,9.09090614,11.5044231,10.7056656,0.985345542,5
8888933760,9.9099102,11.5044231,10.3896885,0.713890731,5
8889933764,9.9099102,12.2807026,11.2998648,0.996277153,4
8890933768,9.9099102,13.0434809,11.0164022,1.31216788,5
8891933800,9.09090614,13.0434809,10.8526011,1.51955521,5
8892933780,10.7142868,11.5044231,11.109355,0.456185281,4
8893933784,9.9099102,11.5044231,10.8694658,0.666192472,5
8894933788,9.09090614,11.5044231,10.3867626,0.917924583,5
8895933792,9.09090614,12.2807026,10.5391703,1.30901229,5
8896933796,10.7142868,12.2807026,11.5009594,0.639498949,4
8897933800,9.9099102,12.2807026,10.8666945,0.863790929,5
8898933804,9.9099102,13.0434809,10.6974993,1.35690808,5
8899933812,9.9099102,12.2807026,10.9047966,0.992556334,4
8900933816,9.9099102,11.5044231,10.5505638,0.667894363,5
8901933820,9.09090614,11.5044231,10.5447903,1.04730272,5
8902933824,9.09090614,12.2807026,10.6944265,1.48616564,5
8903933828,9.09090614,11.5044231,10.9010439,1.20675838,4
8904933836,9.9099102,12.2807026,10.7029715,1.12008905,5
8905933840,9.09090614,13.7931051,11.0025253,1.80072248,5
8906933844,9.9099102,11.5044231,10.7107267,0.650970161,4
8907933848,9.9099102,12.2807026,10.8638458,1.03201008,5
8908933852,9.9099102,11.5044231,10.5505638,0.667894483,5
8909933856,9.09090614,12.2807026,10.7000465,1.2608875,5
8910933860,9.09090614,11.5044231,10.9010439,1.20675838,4
8911933864,9.9099102,12.2807026,11.1799774,1.05711854,5
8912933872,9.09090614,13.0434809,10.6945744,1.47526157,5
8913933876,9.9099102,11.5044231,10.7107267,0.650970161,4
8914933880,9.9099102,12.2807026,10.8638468,1.0320096,5
8915933884,9.09090614,11.5044231,10.5476379,0.883292258,5
8916933888,9.9099102,11.5044231,10.5505638,0.667894542,5
8917933896,9.09090614,12.2807026,11.0951138,1.38534451,4
8918933900,9.9099102,13.0434809,11.0164022,1.31216788,5
8919933904,9.09090614,13.0434809,10.6945744,1.47526157,5
8920933908,10.7142868,11.5044231,11.3068886,0.395068318,4
8921933912,9.9099102,11.5044231,10.8694658,0.666192472,5
8922933916,9.09090614,11.5044231,10.3867626,0.917924583,5
8923933920,9.09090614,13.0434809,10.6917267,1.57926607,5
8924933924,10.7142868,12.2807026,11.3034248,0.750475228,4
8925933932,9.09090614,12.2807026,10.7028942,1.12787116,5
8926933936,9.9099102,13.0434809,10.8555269,1.40452695,5
8927933940,9.9099102,12.2807026,10.9047966,0.992556334,4
8928933944,9.9099102,11.5044231,10.5505638,0.667894363,5
8929933948,9.09090614,11.5044231,10.5447903,1.04730272,5
8930933956,9.09090614,12.2807026,10.6944265,1.48616564,5
8931933960,9.09090614,11.5044231,10.9010439,1.20675838,4
8932933964,9.9099102,12.2807026,10.8666945,0.863790929,5
8933933968,9.09090614,13.7931051,11.0053749,1.70959282,5
8934933972,9.9099102,11.5044231,10.7107267,0.650970161,4
8935933976,9.9099102,12.2807026,11.0247221,0.900436759,5
8936933980,9.09090614,11.5044231,10.3867626,0.917924583,5
8937933988,9.09090614,12.2807026,10.7000465,1.2608875,5
8938933992,9.09090614,13.0434809,11.088274,1.64573789,4
8939933996,9.09090614,12.2807026,11.0189476,1.21177161,5
8940934000,9.09090614,13.0434809,10.533699,1.51587355,5
8941934004,9.9099102,11.5044231,10.7107267,0.650970161,4
8942934008,9.9099102,11.5044231,10.8666182,0.87335068,5
8943934016,9.09090614,11.5044231,10.3867626,0.917924404,5
8944934020,9.9099102,11.5044231,10.7114391,0.563759208,5
8945934024,9.09090614,12.2807026,11.0951138,1.38534451,4
8946934028,9.9099102,12.2807026,10.7029715,1.12008905,5
8947934032,9.09090614,13.0434809,10.6917267,1.57926619,5
8948934036,10.7142868,11.5044231,11.109355,0.45618543,4
8949934040,9.9099102,12.2807026,10.8638458,1.03201008,5
8950934048,9.09090614,11.5044231,10.7056656,0.985345542,5
8951934052,9.09090614,13.0434809,10.6917267,1.57926607,5
8952934056,9.9099102,12.2807026,11.1023312,1.02024233,4
8953934060,9.9099102,12.2807026,10.8638468,1.03200972,5
8954934064,9.09090614,13.0434809,10.846982,1.71173716,5
8955934068,9.9099102,11.5044231,10.7107267,0.650970161,4
8956934084,9.9099102,12.2807026,10.8638458,1.03201008,5
8957934080,9.09090614,12.2807026,10.7000456,1.26088727,5
8958934084,9.09090614,12.2807026,10.5391703,1.30901229,5
8959934088,9.09090614,12.2807026,11.0951138,1.38534427,4
8960934092,9.9099102,12.2807026,10.8666945,0.863790929,5
8961934096,9.09090614,13.7931051,10.8444986,1.78022003,5
8962934104,10.7142868,12.2807026,11.1058903,0.783207834,4
8963934108,9.9099102,12.2807026,10.8666954,0.863790751,5
8964934112,9.09090614,11.5044231,10.3867626,0.917924583,5
8965934116,9.09090614,12.2807026,10.5391703,1.30901229,5
8966934120,9.09090614,13.0434809,11.088274,1.64573789,4
8967934124,9.9099102,12.2807026,10.7058201,0.96790278,5
8968934128,9.09090614,13.0434809,10.6917267,1.57926619,5
8969934136,9.9099102,11.5044231,10.9082603,0.762703061,4
8970934140,9.9099102,12.2807026,10.8638458,1.03201008,5
