Heights,Vz_closed_m25,Vz_closed_m25_2,Vz_closed_m25_4,Vz_closed_m25_6,Vz_closed_m25_8,Vz_closed_m26,Vz_closed_m26_2,Vz_closed_m26_4,Vz_closed_m26_6,Vz_closed_m26_8,Vz_closed_m27,Vz_open_m25,Vz_open_m25_2,Vz_open_m25_4,Vz_open_m25_6,Vz_open_m25_8,Vz_open_m26,Vz_open_m26_2,Vz_open_m26_4,Vz_open_m26_6,Vz_open_m26_8,Vz_open_m27
0,150.846880553841,150.755701715995,150.666036023388,150.577846282253,150.491096501956,150.405751847007,150.321778591336,150.239144074712,150.157816661185,150.077765699449,149.998961485017,172.544185373905,172.234303532337,171.930089894345,171.631398657124,171.338088443052,171.051041503111,170.769176322325,170.492234947262,170.220095927555,169.952641387187,169.68975692403
10,149.979786813635,149.890007957289,149.801727036372,149.71490695883,149.62951184419,149.545506974619,149.462858748337,149.381534635242,149.301503134632,149.222733734901,149.145196875121,171.263073887669,170.959493657087,170.661585776916,170.36919697614,170.08217918931,169.800389358481,169.523816538293,169.252270360338,168.985529203072,168.723469689931,168.465972455827
20,149.110311729332,149.022009117138,148.935179470641,148.849786320102,148.765794387065,148.683129120758,148.601762401603,148.521698477799,148.442906373945,148.365356086695,148.289018547014,169.985652757257,169.688264864355,169.396417799663,169.109962234268,168.828753902748,168.552653410233,168.281526046317,168.015270598328,167.75387851478,167.497061946199,167.244704525686
30,148.238270010136,148.151352175982,148.065883299638,147.981827527595,147.899150176805,147.817817687427,147.737797577832,147.659058401754,147.581569707458,147.50530199882,147.430226698225,168.711085667398,168.419620030229,168.133737125866,167.853120726993,167.577630279546,167.307129966248,167.041488525501,166.780579076971,166.524278953757,166.272556558445,166.025260989185
40,147.363756779503,147.278214099637,147.194096555244,147.111368903845,147.029997052791,146.949948012873,146.87118985414,146.793691663828,146.717423506267,146.64235638467,146.56846220469,167.43921467005,167.153667234984,166.873431751743,166.598540591825,166.328678558763,166.063691300218,165.803450923404,165.547833795862,165.296720382271,165.049995087579,164.807546106276
50,146.486283921079,146.40218491198,146.319486638496,146.238154466268,146.158154890915,146.079455492433,146.002015754422,145.92574999654,145.850693978659,145.776819199164,145.704098042966,166.16972766093,165.89008287152,165.615625543744,165.346215855018,165.081770814468,164.822211456869,164.567289192895,164.316883563189,164.070878092076,163.829160135107,163.591620732617
60,145.606154738058,145.523409484836,145.442041547578,145.362016891962,145.283302593404,145.205866792299,145.129678651405,145.054708315252,144.980926871466,144.908306313901,144.836819507484,164.902489582773,164.628654380257,164.359884658236,164.096044251865,163.837001651161,163.582629817261,163.332880919632,163.0876077542,162.846633191806,162.609847471452,162.377144414741
70,144.723337825553,144.642012476711,144.561965538408,144.48323924003,144.405801231857,144.329620209928,144.254665874215,144.180908888793,144.108320843876,144.036874219633,143.966542351689,163.637367343932,163.369250808929,163.106080211351,162.847722958071,162.594050978645,162.344940546928,162.100272109913,161.859930123591,161.623868236233,161.391941277636,161.164002909487
80,143.837355521722,143.757365420216,143.678705574395,143.601343138471,143.525246336951,143.450384421484,143.376727629784,143.304247146496,143.232915065915,143.162704356441,143.093523882865,162.374398985879,162.111750956088,161.8540850593,161.6011267649,161.352743418523,161.108814529849,160.869223663113,160.63385827783,160.402609576115,160.175372356382,159.952083247713
90,142.948656703579,142.869989584862,142.792629884576,142.716545340952,142.64170474284,142.568077887388,142.495635539727,142.42434939459,142.354192039728,142.285136921034,142.217158309299,161.113383392403,160.856275587476,160.603901125234,160.356132960205,160.112957166866,159.8741317139,159.639542308756,159.409079345802,159.182636855718,158.960112363571,158.741406752858
100,142.056834322354,141.979556976773,141.903563590089,141.82882248522,141.755303016586,141.682965920663,141.611729453689,141.541629240381,141.472638357741,141.404730725106,141.337881071521,159.854065747463,159.602413025611,159.355380565531,159.112844696477,158.874685988488,158.640789081575,158.411111033382,158.185477901693,157.963770845736,157.745890055917,157.531738985815
110,141.161926547141,141.085951015352,141.011237002718,140.937753405318,140.86547013145,140.794358060871,140.724389005988,140.655535674891,140.587771636122,140.5210712851,140.455409812093,158.596319552386,158.350038663479,158.108267160243,157.870884668126,157.637774929983,157.408825640534,157.183928287973,156.962978002461,156.745898826965,156.532594154858,156.322931689095
120,140.264040639828,140.189433560021,140.116021583764,140.043786496829,139.972730589733,139.902825272994,139.834042872224,139.766356591876,139.699740480703,139.634169398822,139.569618986316,157.340138258317,157.099044838621,156.862439548931,156.630133222823,156.401997238066,156.177922274259,155.957802694305,155.7415363976,155.529024679603,155.320172097539,155.11488634197
130,139.362661692453,139.289335345764,139.217225383791,139.146301840508,139.076535724375,139.007898979121,138.940364446403,138.873905830233,138.808497663086,138.744115273583,138.68073475568,156.085366099862,155.849477909357,155.617898880446,155.390513964726,155.167236139719,154.947963754323,154.732552007264,154.520901505041,154.312916151798,154.108503019188,153.907572221937
140,138.458297805163,138.386242909594,138.315382531586,138.245687262545,138.177128649641,138.109679157364,138.043312130922,137.978001761376,137.913723052409,137.850451788651,137.788164505472,154.831761718455,154.601000726864,154.374444019272,154.151979652854,153.933499522832,153.718899206165,153.508077812258,153.300962042948,153.097437900233,152.897400648758,152.700762774335
150,137.550273219251,137.479553589622,137.41000597753,137.341601534762,137.274312350533,137.208111413786,137.142972577294,137.078870523458,137.015780731723,136.953678461909,136.892476589824,153.579203973763,153.353493811169,153.131885043785,152.914268763624,152.70053978683,152.490596502349,152.284340727396,152.081677569407,151.882515294197,151.68676520002,151.494351463432
160,136.639045251933,136.569576152614,136.501257595271,136.434061278442,136.367959819748,136.302926718952,136.238936322783,136.175963791427,136.113985066593,136.052976841068,135.992916529682,152.327725527777,152.106925936927,151.890138987113,151.677266020564,151.468219033344,151.262865355392,151.061109451629,150.862858980093,150.668024664284,150.47652017124,150.288261995055
170,135.724143145619,135.655987720345,135.588960714405,135.52303437721,135.458181859229,135.394377175774,135.331595172515,135.269811492634,135.208966873264,135.149043796349,135.090051198714,151.077020223187,150.861116116426,150.649125445008,150.440944348908,150.236472530677,150.035613109181,149.838273750657,149.644373107166,149.453805417115,149.266486665102,149.082335579804
180,134.805760540631,134.73883482037,134.673016433159,134.608278164547,134.54459368317,134.481937505283,134.42028496098,134.359612162025,134.299895971174,134.241113972951,134.18324444576,149.826969062465,149.615888729037,149.408624468388,149.205075276351,149.005143603993,148.80873521612,148.615759056288,148.426127118014,148.23975432188,148.056558398251,147.876457467985
190,133.883622834677,133.817989076035,133.753440908561,133.68995165903,133.627495519595,133.566047513025,133.505583459617,133.446072631067,133.387441198662,133.329726415724,133.272906981701,148.577527926315,148.371166384547,148.168535269398,147.9695378212,147.774081230905,147.582060425399,147.393386840682,147.207974871351,147.025741751704,146.846607442248,146.670494521381
200,132.957782072934,132.893357292319,132.829997403439,132.767676258668,132.706368558159,132.646049815818,132.586696326897,132.528285137129,132.4707940133,132.414201415206,132.358486468896,147.328483971671,147.126798468081,146.92874952492,146.734240991517,146.543180012396,146.355476891348,146.171044961876,145.989796158532,145.811644890377,145.636515739564,145.464333389378
210,132.028031272633,131.964876635768,131.902765532416,131.841672346408,131.781572291962,131.72244138036,131.664256388206,131.606994827201,131.550594564157,131.495051328606,131.440368933564,146.079707917656,145.882630312398,145.689097807755,145.49901624042,145.312295339663,145.128847897747,144.948589644665,144.771439128701,144.597317602544,144.426148914651,144.257859405632
220,131.094415138535,131.032448853393,130.971505786668,130.911560837326,130.852589717498,130.79456891986,130.737475686581,130.681287979729,130.62598445307,130.571544425181,130.517947853806,144.831091159146,144.638543149808,144.449457218631,144.2637419629,144.081308160463,143.902056583311,143.725913638201,143.552800133109,143.382639498443,143.215357681985,143.05088304867
230,130.156653207985,130.095935157192,130.036219352706,129.97748121508,129.919696960962,129.862843571172,129.806898760295,129.751840947721,129.697649230033,129.644303354694,129.591728329292,143.58247220608,143.394392291167,143.209685603062,143.028263319272,142.850039655648,142.674931740762,142.502859496235,142.333745522701,142.167514991132,142.00407457623,141.843362709205
240,129.214929998035,129.155379775345,129.096811865607,129.039202194131,128.982527465462,128.926765132158,128.871893365041,128.817891024869,128.764737635325,128.71241335727,128.660898964179,142.333714269294,142.15004911527,141.969672252302,141.792482507325,141.618409071307,141.447371413123,141.27929170853,141.114094729961,140.951707741473,140.792060398591,140.635084652794
250,128.268737140665,128.210413164203,128.153050916747,128.096626835234,128.041118119101,127.986502699731,127.93275921136,127.87986696335,127.827805913768,127.776556644192,127.726100335684,141.084665583659,140.905332372183,140.729206224337,140.556202842371,140.386240812468,140.2192414851,140.05512886109,139.893808252277,139.735212210343,139.579285595197,139.425962264574
260,127.318554409429,127.261383243631,127.205148850736,127.149833563971,127.09541506074,127.041871734582,126.989182666722,126.937327598963,126.886286907845,126.836041580019,126.78657318874,139.835230248455,139.660169353225,139.488229898408,139.319331489133,139.153395046121,138.990344167862,138.830105020558,138.672606233287,138.517778798119,138.365555974912,138.215873200561
270,126.363493148798,126.307520772375,126.252470376583,126.198319394413,126.145045988464,126.092629021728,126.041048029773,125.990283194232,125.940315317544,125.891125798858,125.842696611062,138.585155726584,138.414322306366,138.246534827307,138.081713389098,137.91978082369,137.760662581678,137.604243923154,137.450493838013,137.299345428629,137.150733854509,137.004596384798
280,125.404189556325,125.349410717119,125.295533845615,125.24253687195,125.190398439603,125.139082731048,125.088537629346,125.038791772584,124.989826373123,124.941623226924,124.894164691087,137.334425963843,137.167733774797,137.004006394702,136.843166251623,136.685138419066,136.529850506289,136.377232553882,136.227216934327,136.079738257277,135.934733279313,135.792140817922
290,124.440090539482,124.386427338542,124.3336471374,124.281728344811,124.230650066937,124.180392079451,124.130934800963,124.08225926771,124.034347109415,123.987180526284,123.940742267054,136.082765085187,135.920188441093,135.760501641855,135.603629051442,135.449497617883,135.29799472942,135.149083562238,135.002705590514,134.858797316765,134.717297322919,134.578146187228
300,123.471183624465,123.41869176043,123.367063276619,123.316277068762,123.266312714071,123.217150443995,123.168771118252,123.121156200102,123.074287732766,123.028148316946,122.982721089383,134.830131987289,134.67157093387,134.515821498759,134.362810280844,134.212466379965,134.064721293091,133.919508815493,133.77676494667,133.636427800747,133.498437521123,133.362736199137
310,122.497637851077,122.446258919539,122.395707315239,122.345979859979,122.297056583932,122.248918156566,122.201545861294,122.154921571319,122.109027726612,122.063847311955,122.019363835998,133.57627033688,133.421711698453,133.269891788959,133.120739100228,132.974179616449,132.830099703283,132.688483796612,132.549269781943,132.412397591796,132.277809123301,132.145448159677
320,121.518635560526,121.468388270123,121.418966539057,121.370350208364,121.322519769409,121.275456337901,121.229141629145,121.183557934459,121.138688098686,121.094515498764,121.051024023275,132.321115039633,132.170450166533,132.022448595803,131.877040964205,131.734160268872,131.593741769257,131.455722893845,131.320043151336,131.186644046086,131.055468997561,130.926463263588
330,120.534689046381,120.485579943668,120.43727736221,120.389761615132,120.343013650462,120.29701502577,120.251747884009,120.207194930497,120.163339410973,120.120165090673,120.077641880588,131.064401513019,130.917626569967,130.773444152082,130.631786741362,130.492589119841,130.355749945354,130.221220640076,130.088966085483,129.95892953266,129.831056085904,129.705292628654
340,119.545596485683,119.497551447341,119.45029491171,119.403807644915,119.358071032954,119.31306705695,119.268778269583,119.225187772629,119.182279195549,119.140036675071,119.098444835713,129.806092255156,129.663092905995,129.52261335283,129.384588136104,129.24895402027,129.115649901417,128.984616719382,128.855797374098,128.72913664595,128.604581119916,128.482079113297
350,118.550693101743,118.503763915623,118.45760459032,118.412196353765,118.367521038682,118.323561058453,118.28029938412,118.237719522487,118.195805495224,118.154541818958,118.11391348627,128.545840235324,128.406619252981,128.269849420317,128.135467071928,128.003410707185,127.873620900124,127.746021400017,127.620525567042,127.497127898321,127.375776597447,127.256421543651
360,117.550391129005,117.504566739654,117.459493759899,117.415153874681,117.371529358808,117.328603053428,117.286358343602,117.24477913695,117.20384984328,117.163555355172,117.123881029448,127.283730689277,127.148170618305,127.014991566439,126.88413184371,126.755531852232,126.629133999357,126.504882615062,126.382723873311,126.26260571719,126.144477787612,126.028291355389
370,116.544518013491,116.4997872932,116.455769160359,116.412427690442,116.369785003203,116.32782434905,116.286529508979,116.245884773745,116.205874924008,116.166485211403,116.127701340477,126.019217164311,125.887325024437,125.757747392581,125.630424319557,125.505297890369,125.382312139629,125.261412971084,125.142548081056,125.025666885548,124.910657808951,124.797525636251
380,115.532434962824,115.488725836713,115.44573261894,115.403437878777,115.361824746301,115.320876890042,115.280578495688,115.240914245796,115.201869300444,115.163429278786,115.125580241446,124.752481843913,124.624209049305,124.498185058816,124.374299409481,124.252525271879,124.132829668244,124.015160198844,123.899466195908,123.785698653387,123.673810160073,123.563754835874
390,114.514332124066,114.47169420943,114.429754342748,114.388495535075,114.347901343861,114.307955851177,114.268643642979,114.229949789339,114.191859825604,114.154359734427,114.117435928622,123.483108736031,123.358324922817,123.235723608639,123.115248426054,122.996844915959,122.880460448351,122.766044146936,122.653546817395,122.542920879103,122.434120300101,122.327100535157
400,113.49011784347,113.448539897533,113.407642333962,113.367408600658,113.327822677665,113.288869055978,113.250532717345,113.212799115028,113.175654155458,113.139084180732,113.103075951928,122.210951327665,122.08967756807,121.970522758245,121.853432200247,121.738353048266,121.625234231618,121.514026381513,121.404611441615,121.297006357629,121.191172860159,121.0870678157
410,112.45959269993,112.419063419833,112.379159216127,112.339883238173,112.301239211658,112.263212017694,112.225787015475,112.188950023542,112.152687301924,112.116985535105,112.081831815769,120.935977214989,120.818141787987,120.702305352578,120.588471017156,120.476587651191,120.366605837278,120.258477800651,120.152157342107,120.047599774154,119.94476186021,119.843601756673
420,111.422176378023,111.382626603062,111.343723264367,111.3054506534,111.267793566103,111.230737282821,111.194267549178,111.158370557853,111.123032931201,111.088241704683,111.053984311053,119.657625971356,119.543136801229,119.430641231698,119.320087957167,119.211427404845,119.104611662842,118.999594411779,118.896330859712,118.794777680187,118.694892953263,118.596636109324
430,110.377973658616,110.339450017795,110.301555743187,110.264275547716,110.227594635052,110.191498680091,110.155973810363,110.121006588302,110.086583994352,110.052693410846,110.019322606633,118.375956620733,118.264820475758,118.155617394159,118.04829766263,117.942813246666,117.839117720849,117.737166202557,117.636864392642,117.538192086364,117.441137336667,117.345660901305
440,109.326839771083,109.289330871806,109.252434466544,109.216135684635,109.180420132604,109.145273875189,109.110683417264,109.076635686609,109.043118017486,109.010118134972,108.977624140009,117.090799660152,116.982966845538,116.876961665418,116.772744404381,116.670305321759,116.56959954452,116.470583687107,116.373215790789,116.277455265926,116.183262836985,116.090600490168
450,108.268543721945,108.232038122112,108.19612834296,108.160799925171,108.126038873217,108.091831636934,108.058165093953,108.025026532961,107.992403637746,107.960284471968,107.92865746464,115.801653011685,115.696985542833,115.594132293896,115.493046756437,115.393683988178,115.29600054812,115.199954434837,115.105505027755,115.012613031264,114.921240421493,114.831350395618
460,107.202845188482,107.167331399473,107.13239695761,107.09802780981,107.064210353564,107.030931419031,106.998178251987,106.965889601743,106.934102262722,106.902805419379,106.871987812326,114.508406216643,114.4069364,114.307223284313,114.209221873147,114.112888684741,114.018181689251,113.925060249053,113.833485061953,113.743418107128,113.654822593655,113.567646932548
470,106.129494075864,106.094945829483,106.0609226084,106.027449545144,105.994513410824,105.962101397039,105.930201099308,105.898800501288,105.867887959719,105.837452190061,105.8074822528,113.210920006519,113.112598186636,113.015976470774,112.921011351459,112.827660785058,112.735884131124,112.645590937006,112.556762879795,112.469394584961,112.383450525233,112.298896310926
480,105.0480302309,105.014412410413,104.981342340365,104.948806749837,104.916792792912,104.885288031817,104.85428042084,104.82375829102,104.793710335539,104.764125595787,104.73499344807,111.908923809273,111.813700132307,111.720068323967,111.628005765514,111.537504848388,111.448526356782,111.361032370009,111.274986209809,111.190352390189,111.107096569656,111.025185505712
490,103.95838266773,103.925722522434,103.893594254179,103.861984982757,103.830882240269,103.800273954769,103.770148434678,103.740494353931,103.71130073781,103.682556949433,103.65425267686,110.601937616497,110.509673146833,110.41899833565,110.329872638475,110.242256870768,110.156113151722,110.071404850818,109.988096536953,109.906153930031,109.825543854857,109.746234197211
500,102.860310722539,102.828596664855,102.797398812257,102.766704670095,102.736502143505,102.706779521555,102.677525462142,102.648728977592,102.620379420929,102.592466472781,102.564980128881,109.289753837965,109.200484483571,109.112751191675,109.026514824337,108.941737555507,108.858382816825,108.77641524607,108.695800638106,108.616505898187,108.538498997498,108.461748930791
510,101.753523268874,101.722743676189,101.692464818698,101.662674582137,101.633361239676,101.604513436568,101.576120175512,101.548170802704,101.520654994539,101.493562744923,101.466884353164,107.972184226177,107.885860536497,107.801020249215,107.717625608359,107.635640122581,107.555028512934,107.475756663192,107.397791572581,107.321101310785,107.245654975096,107.171422649602
520,100.637716931746,100.607860148875,100.578488833921,100.549591247817,100.521156026759,100.493172167334,100.465629012355,100.438516237358,100.411823837722,100.385542116385,100.359661672123,106.648907782241,106.565480267856,106.483484437329,106.40288389164,106.323643449952,106.245729099315,106.169107946844,106.093748174198,106.019618994265,105.946641812505,105.874805076998
530,99.5125754656647,99.4836298072253,99.4551545525341,99.427138332521,99.3995701413757,99.3724393221621,99.3457355531095,99.3194488345474,99.2935694764414,99.2680880865084,99.2429955588721,105.319588453361,105.239007628775,105.15980771496,105.08195364449,105.005411522515,104.930148578376,104.856133119597,104.783260110759,104.711566808656,104.641032316465,104.571628858844
540,98.3777690932409,98.3497228459595,98.3221321417947,98.2949859764594,98.2682736971007,98.2419849883886,98.2161098592594,98.190638630281,98.1655619215996,98.1408706414459,98.1165559751636,103.983874540451,103.906090962395,103.829638469794,103.754483301191,103.680592822959,103.607874731092,103.536336863288,103.465972489306,103.396753065523,103.328650963128,103.261639431921
550,97.2329538014904,97.2057952264283,97.179077537761,97.1527900907619,97.1269225804882,97.1014650283369,97.0764077692337,97.051741439422,97.0274569648141,97.0035455498827,96.9799986670568,102.641398044043,102.566362345819,102.492608856434,102.420100512808,102.348730840837,102.278549558279,102.209527325575,102.141635757528,102.07484738498,102.009135618298,101.944474712594
560,96.0777705927053,96.0514879274193,96.0256316960328,96.0001916081494,95.9751577016817,95.9505203298681,95.9262701488991,95.9023981061242,95.8788954288014,95.8557536133672,95.8329644151954,101.29177394662,101.219436868966,101.148334071924,101.078362263743,101.009551199464,100.941884294377,100.875333335707,100.809871027459,100.74547095363,100.682107543162,100.619756036553
570,94.9118446865057,94.8864261471432,94.8614197936741,94.8368156847964,94.8126041962182,94.7887760081278,94.7653220932513,94.7422337054701,94.7195023689622,94.697119867846,94.6750782362945,99.9345994290278,99.8649118479036,99.796405689442,99.7289784613843,99.6626800474749,99.5974824217913,99.533358475446,99.4702819795239,99.4082275497948,99.3471706131048,99.287087375351
580,93.7346842893808,93.710162813302,93.6860388268359,93.6622708496894,93.6388705743301,93.6158405547946,93.5931720756114,93.5708566926163,93.5488862224789,93.5272527327135,93.5059485321444,98.5694530181007,98.5023659697682,98.436420184192,98.3715340210831,98.3077024252772,98.244929104546,98.1831880309456,98.1224540204734,98.0627026992564,98.0039104713462,97.9460544880306
590,92.5456992338025,92.5220171613574,92.4987187553357,92.4757947704027,92.453236255801,92.4310345437155,92.4091812381842,92.3876682045288,92.3664875592707,92.3456316605128,92.32509309876,97.1958936621175,97.1313583658153,97.0679192370206,97.0055486550461,96.9441841263652,96.8837902811902,96.8243880835331,96.7659533721354,96.7084627620655,96.6518936138872,96.5962240042793
600,91.3446612803161,91.3218067321623,91.2993222331121,91.277198870883,91.2554280170071,91.2340013156267,91.2129106728157,91.1921482464011,91.171706436251,91.1515778750134,91.1317554192733,95.8134597301462,95.7514276086404,95.6904474967507,95.6304929239337,95.5715382979061,95.513558868629,95.4565045271399,95.4003260870428,95.3450539464409,95.290666401752,95.237142435083
610,90.131117847927,90.109078932474,90.0873966547063,90.0660624301265,90.0450679474658,90.0244051579037,90.0040662647922,89.9840437138621,89.9643301838772,89.9449185777218,89.9258020138918,94.4216679307568,94.3620906290062,94.3035221116327,94.2459370323638,94.1893108847976,94.1336199679997,94.0788413537737,94.0249528555083,93.9719329985161,93.9197539959774,93.868335106301
620,88.9045953418269,88.8833601570142,88.8624684043588,88.8419118218848,88.8216824104362,88.8017724233128,88.7821743563903,88.7628809387048,88.7438851234668,88.725180079492,88.7067591830202,93.0200121449654,92.9628415471093,92.9066374357214,92.8513755630499,92.7970324837422,92.7435855220157,92.691012740423,92.6392929101217,92.5884054825648,92.5383305625352,92.4890488824468
630,87.6644182911193,87.6440154346712,87.6239424105455,87.6041912870032,87.5847543845315,87.5656072496034,87.5467390764052,87.5281640407409,87.5098753658229,87.4918664820972,87.4741310193834,91.6079621676096,91.5531504124606,91.4992637673263,91.4462790573745,91.394173873616,91.3429265416096,91.292516091685,91.2429222305986,91.1941253145428,91.1461063234347,91.0988468364116
640,86.409598290188,86.3899739988301,86.3706667659992,86.3516689715292,86.3329732374366,86.3145724183782,86.2964595925547,86.2786280530408,86.2610712995118,86.2437830303519,86.2267571351213,90.184962350643,90.1324618458441,90.0808459896912,90.0300926548438,89.9801804441585,89.931088660889,89.8827972803289,89.8352869228189,89.7885388280399,89.7425348305247,89.6972573363172
650,85.1401246542166,85.1212669687245,85.1027137742846,85.0844577570392,85.0664918354464,85.0488091511311,85.0314030601641,85.0142671247501,84.997395105294,84.9807809528351,84.9644188018239,88.7503022089443,88.700144572032,88.6508021065797,88.6022346275745,88.5544707294067,88.5074906695602,88.4612753456568,88.4158062697778,88.3710655440082,88.3270358371391,88.2837003624598
660,83.8552407925443,83.8371756916429,83.8194021535956,83.8019131780057,83.7847019867491,83.7677559665683,83.751045628387,83.7345944965428,83.718396587728,83.7024461013375,83.6867374125496,87.3029481789099,87.2550040709514,87.2078656594037,87.1615128388815,87.115926166181,87.0710868332959,87.0269766417391,86.9835779780989,86.9408737907578,86.8988475677141,86.8574833154413
670,82.5535207871776,82.5361968932006,82.5191524294972,82.5023806909622,82.4858751852632,82.4696296244695,82.4536379170714,82.4378941603742,82.4223926332375,82.407127789151,82.3920942496236,85.8426848516909,85.7969073602318,85.7518978442695,85.7076371707757,85.6641068359144,85.6212889394381,85.5791661603228,85.5377217335716,85.4969394281205,85.4568035257903,85.4172988012208
680,81.2351825806182,81.2185878991669,81.2022607216344,81.1861946329589,81.1703834215272,81.1548210711755,81.1395017535623,81.1244198208997,81.1095697990141,81.0949463807287,81.0805444195452,84.3688288865739,84.3251714285535,84.2822451159046,84.2400317631991,84.1985137821029,84.1576741571149,84.1174964224769,84.0779646401899,84.0390633790741,84.0007776948178,83.9630931109575
690,79.8983729541536,79.8825303474597,79.8669430011084,79.8516047963791,79.8365098085206,79.8216522991271,79.807026708869,79.7926276505661,79.7784499025731,79.7644884024731,79.750738241055,82.8796549576348,82.8381428196174,82.7973250947346,82.7571845276414,82.7177044291354,82.6788686531647,82.6406615749452,82.6030680701259,82.5660734949429,82.5296636673112,82.4938248487984
700,78.5431143300103,78.5279753605217,78.5130801617144,78.4984228938711,78.4839979022873,78.4697997100037,78.455823010877,78.4420626629757,78.4285136822752,78.4151712366445,78.4020306401049,81.3752167040442,81.3357281101087,81.2968989128558,81.2587127549784,81.2211538149692,81.1842067853945,81.1478568522151,81.1120896750969,81.0768913686531,81.0422484845724,81.0081479945791
710,77.1674108806958,77.1529965189829,77.1388141468551,77.1248582094071,77.1111233276451,77.0976042915798,77.0842960536405,77.0711937223984,77.0582925565736,77.0455879593202,77.0330754727684,79.8539223691646,79.816481020508,79.7796641075174,79.743456156675,79.7078422008683,79.6728077588692,79.6383388158026,79.6044218045478,79.571043588022,79.5381914422974,79.5058530405059
720,75.7711980237744,75.7574942052113,75.7440108300962,75.730742622523,75.7176844735853,75.7048314348221,75.6921787119682,75.6797216589977,75.6674557724372,75.6553766859416,75.6434801651154,78.3150395321169,78.2795259175369,78.2446035190039,78.2102577119108,78.1764743494579,78.1432397433224,78.1105406452595,78.07836422958,78.0466980764575,78.0155301560206,77.9848488131859
730,74.3523633146412,74.3393236906504,74.3264936912592,74.3138683026624,74.3014426696593,74.2892120894324,74.2771720056157,74.2653180026411,74.2536458003393,74.2421512487923,74.2308303234159,76.7569908550764,76.723425682614,76.6904185560735,76.6579556874392,76.6260237387174,76.5946098037449,76.5637013908739,76.5332864064814,76.5033531392586,76.4738902452387,76.4448867335213
740,72.9100252875297,72.8976681569072,72.8855095766523,72.8735448001939,72.86176923104,72.8501784168935,72.8387680440422,72.8275339320106,72.8164720284536,72.8055784042872,72.7948492490374,75.1791622588807,75.1474962275443,75.1163278396064,75.0856357154088,75.0554446387292,75.0257424512662,74.9965173845334,74.9677580443787,74.9394533962329,74.9115927510522,74.8841657519124
750,71.4429362298996,71.4312471392705,71.4197457662491,71.4084276255185,71.3972883735107,71.3863238028518,71.3755298370654,71.3649025255238,71.3544380386272,71.3441326632059,71.3339827981294,73.5791061499592,73.549223164165,73.5198354052302,73.4909306746507,73.4624971709172,73.4345234735115,73.40699852767,73.3799116298725,73.3532524140143,73.3270108382276,73.3011771723144
760,69.9493944822001,69.938358833018,69.9275003125701,69.9168146907524,69.906297871077,69.8959458854386,69.8857548891239,69.8757211560547,69.8658410742457,69.856111141472,69.8465279611318,71.9560030742873,71.9279197408899,71.9003011486224,71.8731358648953,71.8464128287454,71.8201213358703,71.79425102438,71.7687918612264,71.7437341292707,71.719068414958,71.6947855965628
770,68.4274414536739,68.4170163419763,68.4067584483765,68.3966637820785,68.3867284782614,68.3769487931481,68.3673210993033,68.3578418811509,68.3485077306943,68.3393153434332,68.3302615144657,70.3080986562843,70.2817649158815,70.2558663259259,70.2303921963371,70.2053321840893,70.1806762792504,70.1564147916908,70.1325383384229,70.1090378315362,70.0859044666972,70.0631297121817
780,66.8750995296966,66.8652991561784,66.8556558933037,66.8461659935127,66.8368258274804,66.8276318794915,66.8185807430286,66.8096691165676,66.800893799562,66.7922516886131,66.7837397738122,68.6333563397139,68.6087218595475,68.5844938399432,68.5606623097116,68.5372176209528,68.5141504360677,68.4914517153912,68.4691127054117,68.447124927544,68.4254801674273,68.4041701662391
790,65.290463504545,65.281272969665,65.2722296863529,65.2633301441413,65.2545709432588,65.2459487903009,65.2374604941024,65.2291029618025,65.2208731950871,65.2127682866039,65.2047854165404,66.9295410962401,66.90655535169,66.8839482821356,66.8617106115305,66.8398333641677,66.8183078526281,66.7971256663056,66.7762786604755,66.7557197663683,66.7354685822054,66.7155303131868
800,63.6709344001978,63.662363943387,63.653930739706,63.6456315184985,63.6374631121987,63.629422452301,63.6215065655176,63.6137125701155,63.6060376724175,63.5984751085177,63.5910083141246,65.1941965530529,65.1728089025804,65.1517730473701,65.1310803827165,65.1107225821211,65.0906915861432,65.070979591785,65.0515790423778,65.0324826179423,65.0136832259989,64.9951640896636
810,62.0135941242446,62.0056022494195,61.9977382873782,61.9899991917804,61.9823820122518,61.9748838906348,61.9675020574133,61.9602338283049,61.9530766010047,61.9460278520814,61.9390851340113,63.4246186970691,63.4047784512356,63.385264026473,63.3660674656256,63.3471810684301,63.3285973812351,63.3103091872124,63.2923094970298,63.2745915399612,63.25714875541,63.239974784824
820,60.3156830346927,60.3082544542994,60.3009447005818,60.293750945238,60.2866704490126,60.2797005582196,60.2728387014267,60.2660823862951,60.2594291965592,60.252876789148,60.2464228914341,61.6178255603912,61.5994820455182,61.5814392811519,61.5636899339645,61.546226907022,61.529043330338,61.5121325518778,61.4954881289876,61.4791038202236,61.4629735775612,61.4470915389637
830,58.5739673335725,58.5670866727358,58.5603160078278,58.5536527222867,58.5470942818831,58.5406382315063,58.5342821921006,58.528023857745,58.5218609928618,58.515791429556,58.5098130650739,59.7705221680606,59.7536247850496,59.7370039822325,59.7206530265085,59.7045654014834,59.6887347988226,59.673155110017,59.6578204185362,59.6427249923476,59.6278632767838,59.6132298877376
840,56.7834291343789,56.7771020854433,56.7708761300608,56.764748864645,56.7587179612033,56.7527811643879,56.7469362886844,56.7411812157306,56.7355138917561,56.7299323251392,56.7244345840749,57.8784639492808,57.8630091569694,57.8478069851954,57.8328512920499,57.8181361330659,57.8036557533489,57.7894045800826,57.7753772153865,57.7615684295073,57.7479731543257,57.7345864771619
850,54.9404290787112,54.9346175424604,54.928898804935,54.9232706611249,54.9177309753263,54.9122776784397,54.9069087653935,54.9016222926878,54.8964163760471,54.8912891881828,54.886238956655,55.9365893327571,55.9224762377793,55.9085934335607,55.8949353305688,55.8814965186589,55.8682717599351,55.8552559819518,55.8424442712345,55.829831867102,55.8174141557745,55.8051866647527
860,53.0381761906407,53.0328834838978,53.0276752451179,53.0225494683107,53.0175042105037,53.0125375892871,53.0076477804715,53.0028330158565,52.9980915810968,52.9934218136683,52.9888221009253,53.9399928152663,53.9272133700072,53.9146421472044,53.9022741000606,53.8901043435311,53.8781281478947,53.8663409326317,53.8547382605874,53.8433158324083,53.8320694812348,53.820995167638
870,51.0711343414997,51.0663423017374,51.061626696571,51.0569857117938,51.0524175901614,51.0479206291734,51.0434931789571,51.0391336402521,51.0348404624816,51.0306121419153,51.0264472199138,51.8822244571313,51.8707228683455,51.8594083950029,51.8482765085695,51.8373228254476,51.8265431012229,51.8159332251859,51.8054892151089,51.7952072122661,51.7850834766837,51.7751025137391
880,49.0311816988181,49.0268718562629,49.0226307171785,49.0184566517912,49.0143480814701,49.0103034767363,49.0063213553642,49.0024002805725,48.9985388592939,48.9947357405255,48.9909896137543,49.7550519433243,49.7447717932341,49.7346549845534,49.7246673906039,49.7148393929099,49.7051671970315,49.6956471278472,49.6862756249012,49.6770492379672,49.6679646228154,49.6590185371746
890,46.9088124647516,46.904966066881,46.9011809479433,46.8974556551471,46.8937887812637,46.8901789628537,46.8866248785778,46.8831252475849,46.8796788279715,46.8762844153136,46.8729408412633,47.5488061520922,47.5396905760801,47.5307228224631,47.5218993248532,47.5132166306583,47.5046713965782,47.4962603843156,47.4879804564856,47.4798285727168,47.4718017859298,47.4638972387873
900,44.6928313952427,44.689429431498,44.6860816325905,44.6827867151742,44.6795434361278,44.6763505909894,44.6732070124658,44.670111569011,44.6670631634664,44.6640607317652,44.6611032416943,45.2520633720543,45.2440552245361,45.2361767220827,45.2284247420263,45.2207962611756,45.2132883518844,45.205898178308,45.198622992833,45.1914601326728,45.1844070166196,45.1774611419442
910,42.366607235691,42.3636443443862,42.3607286002143,42.3578588867299,42.3550341224617,42.3522532595525,42.349515282463,42.3468192067375,42.3441640778215,42.3415489699354,42.3389729849995,42.8512380434518,42.8442800548105,42.8374345133748,42.8306987153689,42.8240700430033,42.8175459610821,42.8111240137722,42.8048018215221,42.7985770781233,42.7924475479062,42.786411063064
920,39.9130225617317,39.9104768048305,39.9079715329037,39.9055057878376,39.9030786415153,39.9006891946502,39.8983365756759,39.8960199396871,39.8937384674264,39.8914913643192,39.8892778595513,40.3253892483347,40.3194518976277,40.3136103455648,40.3078622923004,40.3022055110173,40.2966378450493,40.291157205141,40.2857615668352,40.2804489679796,40.2752175063484,40.2700653373725
930,37.3063114108742,37.3041602915352,37.3020433593598,37.2999598057904,37.2979088475679,37.2958897257485,37.2939017047683,37.2919440715504,37.2900161346509,37.2881172234452,37.2862466873506,37.6511466727104,37.6461662927211,37.6412661335895,37.6364442726803,37.631698848308,37.6270280573394,37.6224301529099,37.6179034422467,37.6134462845902,37.6090570892122,37.6047343135231
940,34.5119450556784,34.5101762975916,34.508435632194,34.5067223954814,34.5050359442123,34.5033756551019,34.5017409240541,34.5001311654303,34.4985458113474,34.4969843110115,34.4954461300797,34.7924203107886,34.7883557889404,34.7843566277468,34.7804212632622,34.776548181041,34.7727359141935,34.7689830415345,34.7652881858171,34.7616500120476,34.7580672258771,34.7545385720677
950,31.4794838663254,31.4780713524421,31.4766812575934,31.4753130522414,31.4739662233957,31.4726402739705,31.4713347221732,31.4700491009224,31.468782957288,31.4675358519614,31.4663073587462,31.7008489256101,31.6976291996832,31.6944611554688,31.6913435585456,31.6882752134941,31.6852549623668,31.6822816832318,31.6793542887838,31.6764717250184,31.6736329699662,31.6708370324859
960,28.1334865306731,28.1324033634667,28.131337374681,28.130288158873,28.1292553232598,28.1282384872269,28.127237281861,28.1262513495049,28.1252803433294,28.1243239269282,28.1233817739288,28.3000433230303,28.2976141292557,28.2952238540884,28.2928715696927,28.2905563774948,28.2882774070352,28.2860338148798,28.2838247835784,28.2816495206722,28.2795072577451,28.2773972495194
970,24.3423117722529,24.3415440108591,24.3407884158119,24.3400447001944,24.3393125860416,24.338591803993,24.337882092962,24.3371831998229,24.3364948791067,24.3358168927157,24.3351490096482,24.4594967957997,24.4577779906345,24.4560866622642,24.4544221570588,24.4527838419577,24.4511711036648,24.4495833478848,24.4480199985922,24.4464804973351,24.4449643025696,24.4434708890247
980,19.856791417239,19.8563101572674,19.8558365159473,19.8553703137878,19.8549113768929,19.8544595367442,19.8540146299942,19.8535764982723,19.8531449879927,19.8527199501782,19.8523012402867,19.9291498773793,19.9280835283751,19.9270341831947,19.9260014383505,19.9249849030212,19.9239841985572,19.9229989580121,19.922028825692,19.9210734567296,19.9201325166739,19.9192056810998
990,14.0250495667404,14.0248272777999,14.0246085029617,14.024393159549,14.024181167459,14.023972449063,14.02376692911,14.0235645346398,14.0233651948932,14.0231688412315,14.0229754070564,14.0579120760168,14.0574253869309,14.056946432271,14.0564750291205,14.0560110002851,14.0555541740712,14.0551043840744,14.0546614689768,14.0542252723545,14.0537956424938,14.0533724322134
1000,0,0,0,0,0,0,0,0,0,0,0,0,0,0,0,0,0,0,0,0,0,0
